scenario,template,title,description,category,location_in_unit,priority
se_gate,se_gate#1,compound gate faulty,"the lock on the main gate is broken, anyone can walk in. asante.",SECURITY,compound,MEDIUM
pl_tap_stiff,pl_tap_stiff#1,Tap hard to turn,"Hi, The tap in the bathroom squeaks when turned, no leak though.",PLUMBING,bathroom,LOW
pl_shower_weak,pl_shower_weak#1,weak shower pressure,"hi, the shower head seems blocked, water comes out in a few thin streams. please send someone.",PLUMBING,shower,LOW
el_sparks,el_sparks#2,Switch sparking,"Please help, The light switch in the sitting room sparks when I switch it on.",ELECTRICAL,sitting room,HIGH
st_window_wont_close,st_window_wont_close#2,Window latch broken,"Good morning, The bathroom window is stuck open. Please send someone.",STRUCTURAL,bathroom,MEDIUM
st_wardrobe,st_wardrobe#0,Kitchen cabinet door falling,"Hi, The kitchen wardrobe door hinge is loose and the door does not close well",STRUCTURAL,kitchen,LOW
se_spyhole,se_spyhole#0,Door viewer broken,"Hi landlord, The peephole on the front door is cracked. Thank you.",SECURITY,main door,MEDIUM
ap_cooker,ap_cooker#0,Cooker plate dead,"Hi, One of the cooker burners does not light for two days now. Kindly fix it soon.",APPLIANCE,,MEDIUM
el_exposed,el_exposed#2,Exposed live wires,"Habari, Electric wires are exposed near the kitchen where we pass every day. Please come and check.",ELECTRICAL,,HIGH
el_shock,el_shock#0,Electric shock from wall,"Please help, I got an electric shock when I touched the sink. Kindly fix it soon.",ELECTRICAL,sink,HIGH
st_paint,st_paint#1,Walls need repainting,"habari, paint is flaking off the bathroom ceiling since monday. i am at home after 5pm.",STRUCTURAL,,MEDIUM
pe_ants,pe_ants#1,few ants,Ants come in through the kitchen window sometimes.,PEST,kitchen,LOW
st_railing,st_railing#2,railing shaking,The metal railing on the balcony is rusted through and shaking. Please come and check.,STRUCTURAL,,HIGH
pl_nowater,pl_nowater#3,No water at all,Completely no water in the unit since yesterday. Neighbours have water so it must be our line. Kindly fix it soon.,PLUMBING,kitchen,HIGH
ap_gas,ap_gas#0,Gas smell in kitchen,"Habari, There is a strong smell of gas in the kitchen since this morning.",APPLIANCE,kitchen,HIGH
ot_garbage,ot_garbage#0,Garbage not collected,"Habari, Garbage has not been collected and it is starting to smell. Please come and check.",OTHER,parking,MEDIUM
pl_toilet_only,pl_toilet_only#1,Only toilet blocked,"the toilet is totally blocked, water rises to the top when flushed. it is the only toilet in the house.",PLUMBING,bathroom,HIGH
st_floor_tiles,st_floor_tiles#0,floor tile loose,"hi, one floor tile in the corridor is loose and moves when you step on it.",STRUCTURAL,corridor,LOW
pl_ceiling_leak,pl_ceiling_leak#1,Water leaking from ceiling,"Hello, There is water coming through the ceiling in the kitchen and it is near the electric wires. Kindly fix it soon.",PLUMBING,kitchen,MEDIUM
ap_gas,ap_gas#2,Cooker leaking gas,"Hi landlord, Gas is leaking from the pipe to the cooker in the kitchen.",APPLIANCE,kitchen,MEDIUM
el_switch_broken,el_switch_broken#1,Loose light switch,"Habari, The light switch in the bedroom is loose in the wall. Please come and check.",ELECTRICAL,bedroom,LOW
ot_curtain,ot_curtain#0,Curtain rod loose,"kindly assist, th curtain rail in the sitting room fell down. i am at home after 5pm",OTHER,,LOW
el_token,el_token#0,token meter problem,"the token meter is not accepting the token i bought for two days now, it shows an error. i am at home after 5pm",ELECTRICAL,meter box,MEDIUM
el_shock,el_shock#1,Shock from tap,"Hello, My child got a shock from the shower socket.",ELECTRICAL,shower,HIGH
se_window_grill,se_window_grill#1,Grill bent,One bar of the sitting room grill is bent and loose. Thank you.,SECURITY,sitting room,MEDIUM
ot_flood_compound,ot_flood_compound#1,Water entering houses,"Please help, Heavy rain has flooded the ground floor and water is coming into the house. Please come and check",OTHER,,HIGH
se_breakin,se_breakin#0,Grill cut by thieves,"thieves broke into the house since the weekend through the bedroom window, it is still open. i am at home after 5pm.",SECURITY,bedroom window,HIGH
pl_tap_stiff,pl_tap_stiff#0,Tap hard to turn,The bathroom tap handle is stiff and hard to turn but it works.,PLUMBING,bathroom,LOW
ot_parking,ot_parking#0,parking space taken,"habari, someone keeps parking in my space. please send someone.",OTHER,parking,LOW
pl_burst,pl_burst#0,water pipe has burst,the pipe under the kitchen sink has burst and water is pouring everywhere. please come and check,PLUMBING,,HIGH
st_damp,st_damp#0,Mould growing,"please help, the kitchen wall is always damp and black mould is growing. when can someone come?",STRUCTURAL,,MEDIUM
el_security_light,el_security_light#0,Outside light not working,"Good morning, The stairs light is not working since Monday, I think th bulb is blown.",ELECTRICAL,,LOW
pe_cockroach,pe_cockroach#1,Cockroaches everywhere,"habari, cockroaches are coming from the drain into the bathroom. kindly fix it soon",PEST,bathroom,MEDIUM
pe_bees,pe_bees#1,Swarm of bees,"There is a large wasp nest at the balcony, my child was stung. Thank you",PEST,balcony,HIGH
se_door_handle,se_door_handle#0,bedroom lock not working,"hello, the store door handle is loose, the door still locks. please send someone.",SECURITY,store,LOW
st_floor_tiles,st_floor_tiles#0,Floor tile loose,"Hi, One floor tile in the kitchen is loose and moves when you step on it. Please come and check.",STRUCTURAL,kitchen,LOW
el_shock,el_shock#1,Electric shock from wall,"Hi landlord, My child got a shock from the fridge socket socket. Asante.",ELECTRICAL,fridge socket,HIGH
se_window_grill,se_window_grill#1,Grill bent,one bar of the kitchen grill is bent and loose.,SECURITY,kitchen,MEDIUM
ot_stairs_light,ot_stairs_light#1,Stairs dark at night,"hello, the corridor lights on our floor are off and people trip on the stairs.",OTHER,corridor,MEDIUM
pl_toilet_only,pl_toilet_only#2,Only toilet blocked,"Sorry to bother you, We cannot use the toilet at all, it is fully blocked and there is no other toilet. Please come and check.",PLUMBING,,HIGH
st_broken_glass,st_broken_glass#2,broken window glass,"hi, the bedroom window glass is broken and the wind blows in. when can someone come?",STRUCTURAL,bedroom,MEDIUM
ap_cooker,ap_cooker#2,Cooker burner not working,"Hello, Two plates on the electric cooker are not working. Kindly fix it soon.",APPLIANCE,kitchen,MEDIUM
st_paint,st_paint#2,walls need repainting,The bathroom walls look old and the paint is coming off. Thank you,STRUCTURAL,bathroom,LOW
st_paint,st_paint#0,Wall paint peeling off,"Good morning, The paint on the bedroom walls is peeling off. Please come and check",STRUCTURAL,,LOW
el_security_light,el_security_light#1,Security light bulb blown,The light outside the door has stopped working. Please come and check.,ELECTRICAL,porch,LOW
el_exposed,el_exposed#2,Naked wires,electric wires are exposed near th balcony where we pass every day. kindly fix it soon.,ELECTRICAL,,MEDIUM
pe_bedbugs,pe_bedbugs#0,Bedbug infestation,"We have bedbugs in the sitting room, we are getting bitten every night. When can someone come?",PEST,sitting room,MEDIUM
pl_nowater,pl_nowater#0,No water in the house,"Kindly assist, There has been no water in the whole house for the last few days, all the taps are dry. Please send someone.",PLUMBING,unit,HIGH
st_window_wont_close,st_window_wont_close#0,Window stuck,"sorry to bother you, the kitchen window does not close, rain and mosquitoes come in.",STRUCTURAL,,MEDIUM
se_cant_lock,se_cant_lock#3,Front door lock stiff,"habari, the lock on the main door is spoilt, the house is not secure. asante.",SECURITY,,HIGH
ot_clothesline,ot_clothesline#1,Drying line snapped,"please help, the drying lines on the balcony are broken. kindly fix it soon",OTHER,,LOW
se_gate,se_gate#1,Main gate lock broken,"The lock on th main gate is broken, anyone can walk in.",SECURITY,gate,MEDIUM
ap_fan,ap_fan#2,ceiling fan noisy,The fan in the sitting room wobbles a bit when on. When can someone come?,APPLIANCE,sitting room,LOW
el_exposed,el_exposed#0,Exposed live wires,"Hi, There are exposed live wires hanging from the corridor ceiling, children are in the house. Kindly fix it soon.",ELECTRICAL,,HIGH
pl_nowater,pl_nowater#1,Taps dry,"We have had no water supply, we cannot cook, bathe or flush the toilet. Asante.",PLUMBING,bathroom,HIGH
ap_no_hot_water,ap_no_hot_water#0,water heater not working,"The water heater is not heating for the last few days, only cold water.",APPLIANCE,bathroom,MEDIUM
st_window_wont_close,st_window_wont_close#2,Window stuck,"Please help, The kitchen window is stuck open. Thank you.",STRUCTURAL,kitchen,MEDIUM
se_cant_lock,se_cant_lock#2,Front door lock stiff,the front door lock is very stiff and sometimes does not lock at all. thank you,SECURITY,main door,HIGH
se_spyhole,se_spyhole#0,Door viewer broken,the peephole on the front door is cracked. please come and check.,SECURITY,front door,LOW
st_ceiling_fall,st_ceiling_fall#2,Ceiling about to fall,"kindly assist, pieces of the ceiling are falling in the bedroom. i am at home after 5pm.",STRUCTURAL,,HIGH
st_ceiling_fall,st_ceiling_fall#0,Ceiling board falling,"Habari, Part of the kitchen ceiling has collapsed for the last few days. When can someone come?",STRUCTURAL,kitchen,HIGH
pe_rats,pe_rats#2,Rats in the house,"Sorry to bother you, Mice are coming in through a hole in the kitchen wall.",PEST,kitchen,MEDIUM
ot_clothesline,ot_clothesline#1,Drying line snapped,"Please help, The drying lines on the compound are broken. Thank you",OTHER,,LOW
el_token,el_token#1,Prepaid meter error,"please help, the prepaid meter shows reject when i enter the token. please come and check.",ELECTRICAL,house,MEDIUM
se_locked_out,se_locked_out#0,Key broke in lock,"Good morning, The key broke inside the main door lock and I am locked out. I am at home after 5pm.",SECURITY,main door,HIGH
st_damp,st_damp#0,Damp and mould on wall,"Kindly assist, The bathroom wall is always damp and black mould is growing for the last few days. Please send someone",STRUCTURAL,bathroom,HIGH
pl_tap_drip,pl_tap_drip#2,Leaking tap,"Please help, There is a constant leak from the outside tap, it is wasting water.",PLUMBING,,MEDIUM
ot_parking,ot_parking#1,Parking space taken,"hello, the parking markings have faded and people park anyhow. asante",OTHER,parking,LOW
pl_shower_weak,pl_shower_weak#0,Weak shower pressure,"kindly assist, the shower water pressure is very low since last night, it just trickles. please come and check.",PLUMBING,,LOW
el_exposed,el_exposed#0,Naked wires,"sorry to bother you, there are exposed live wires hanging from the kitchen ceiling, children are in the house.",ELECTRICAL,kitchen,HIGH
se_locked_out,se_locked_out#0,Key broke in lock,"sorry to bother you, the key broke inside the main door lock and i am locked out. i am at home after 5pm.",SECURITY,,HIGH
pe_bedbugs,pe_bedbugs#1,Bedbug infestation,"good morning, bedbugs have spread in the house, they are in the walls and furniture.",PEST,,MEDIUM
ot_stairs_light,ot_stairs_light#1,Stairs dark at night,"Hi, The corridor lights on our floor are off and people trip on the stairs. Kindly fix it soon.",OTHER,,MEDIUM
pe_ants,pe_ants#0,few ants,"hi landlord, there are some small ants in th kitchen, not too many. thank you.",PEST,kitchen,LOW
el_security_light,el_security_light#1,Security light bulb blown,"Kindly assist, The light outside the door has stopped working. I am at home after 5pm.",ELECTRICAL,porch,LOW
st_wardrobe,st_wardrobe#2,wardrobe door loose,"Hi, The bedroom cupboard handle came off.",STRUCTURAL,bedroom,LOW
st_window_wont_close,st_window_wont_close#0,Window won't close,"The kitchen window does not close since last night, rain and mosquitoes come in.",STRUCTURAL,kitchen,MEDIUM
ot_stairs_light,ot_stairs_light#1,Stairs dark at night,the corridor lights on our floor are off and people trip on the stairs,OTHER,corridor,MEDIUM
el_sparks,el_sparks#1,socket sparking,"good morning, there were sparks and a loud pop from the bedroom socket. when can someone come?",ELECTRICAL,,HIGH
ot_curtain,ot_curtain#1,Curtain rail fell,The curtain rod in the sitting room is loose on one side.,OTHER,sitting room,LOW
st_broken_glass,st_broken_glass#0,Glass broken,The glass in the kitchen window cracked for two days now.,STRUCTURAL,kitchen,MEDIUM
pe_cockroach,pe_cockroach#1,Cockroach infestation,Cockroaches are coming from the drain into the kitchen. Kindly fix it soon.,PEST,kitchen,MEDIUM
ap_doorbell,ap_doorbell#0,bell not ringing,"Good morning, The doorbell is not working for the last few days. Please send someone.",APPLIANCE,,LOW
ap_gas,ap_gas#2,Cooker leaking gas,"Hello, Gas is leaking from the pipe to the cooker in the house.",APPLIANCE,house,HIGH
el_switch_broken,el_switch_broken#0,switch cover broken,the cover of the sitting room switch is cracked but the switch still works. please send someone,ELECTRICAL,,LOW
ap_fridge,ap_fridge#1,Fridge stopped working,"the fridge is running but not cold, food is spoiling. kindly fix it soon.",APPLIANCE,,MEDIUM
st_wardrobe,st_wardrobe#0,Wardrobe door loose,"Sorry to bother you, The bedroom wardrobe door hinge is loose and the door does not close well",STRUCTURAL,bedroom,LOW
ot_flood_compound,ot_flood_compound#1,Flooding,"Hello, Heavy rain has flooded th parking and water is coming into the house. Thank you.",OTHER,parking,HIGH
st_ceiling_fall,st_ceiling_fall#0,Ceiling about to fall,"Hi landlord, Part of the bedroom ceiling has collapsed. Asante.",STRUCTURAL,bedroom,HIGH
pe_ants,pe_ants#1,small ants,Ants come in through the kitchen window sometimes. Thank you.,PEST,,LOW
pl_sink_blocked,pl_sink_blocked#1,Slow drain,"Water is not going down the laundry area sink, it stays there for hours.",PLUMBING,,LOW
st_paint,st_paint#0,Wall paint peeling off,"hi, the paint on the bedroom walls is peeling off",STRUCTURAL,bedroom,LOW
pl_shower_weak,pl_shower_weak#1,weak shower pressure,"The shower head seems blocked, water comes out in a few thin streams.",PLUMBING,bathroom,MEDIUM
ap_cooker,ap_cooker#0,Oven not heating,"Good morning, One of the cooker burners does not light since Monday.",APPLIANCE,kitchen,MEDIUM
el_token,el_token#0,Token meter problem,"Kindly assist, The token meter is not accepting the token I bought for two weeks, it shows an error. Please come and check",ELECTRICAL,meter box,MEDIUM
ap_fan,ap_fan#1,Ceiling fan noisy,The kitchen extractor fan has stopped working.,APPLIANCE,,LOW
ot_fire,ot_fire#1,Fire in th building,"Fire started near th kitchen and the area is damaged, we need it checked urgently.",OTHER,,HIGH
ap_fridge,ap_fridge#1,Fridge not cooling,"Please help, The fridge is running but not cold, food is spoiling.",APPLIANCE,kitchen,MEDIUM
pe_ants,pe_ants#1,Ants in kitchen,"Habari, Ants come in through the kitchen window sometimes. I am at home after 5pm.",PEST,kitchen,LOW
pl_sink_blocked,pl_sink_blocked#1,Kitchen sink not draining,"Hi, Water is not going down the bathroom sink, it stays there for hours.",PLUMBING,bathroom,MEDIUM
pl_sink_blocked,pl_sink_blocked#0,Blocked sink,"Hi landlord, The laundry area sink is blocked and water drains very slowly. Thank you.",PLUMBING,,MEDIUM
se_door_handle,se_door_handle#0,Door handle loose,"The store door handle is loose, the door still locks. Asante.",SECURITY,store,LOW
st_hairline,st_hairline#1,Small crack in plaster,"small crack on the corridor wall, just cosmetic i think. asante.",STRUCTURAL,corridor,LOW
pl_shower_weak,pl_shower_weak#2,Shower head blocked,"hello, water pressure in the bathroom shower is weak but it still works. thank you.",PLUMBING,,LOW
se_spyhole,se_spyhole#0,Peephole cracked,"Good morning, The peephole on the front door is cracked. I am at home after 5pm.",SECURITY,,LOW
se_breakin,se_breakin#1,Grill cut by thieves,"Hi, Someone cut the kitchen window grill and broke in, we need it fixed urgently. I am at home after 5pm.",SECURITY,kitchen window,HIGH
ap_gas,ap_gas#2,Gas smell in kitchen,"hi, gas is leaking from the pipe to the cooker in the house. asante",APPLIANCE,house,HIGH
pe_cockroach,pe_cockroach#0,Cockroaches everywhere,"Hi landlord, The bathroom is full of cockroaches.",PEST,bathroom,MEDIUM
st_railing,st_railing#1,balcony railing loose,"Hello, The balcony railing broke off since this morning, it is dangerous for children",STRUCTURAL,,HIGH
st_door_hinge,st_door_hinge#0,door not closing,"Good morning, The bathroom door has come off one hinge and does not close. Please come and check",STRUCTURAL,bathroom,HIGH
ot_curtain,ot_curtain#0,Curtain rod loose,"good morning, the curtain rail in the sitting room fell down. when can someone come?",OTHER,,LOW
el_burning,el_burning#2,Smoke from socket,"Please help, The extension socket in the sitting room melted and there is a burning smell. Asante.",ELECTRICAL,sitting room,MEDIUM
pl_shower_weak,pl_shower_weak#0,shower head blocked,"hi landlord, the shower water pressure is very low, it just trickles. when can someone come?",PLUMBING,bathroom,LOW
el_sparks,el_sparks#3,Socket sparks when plugging in,"sorry to bother you, sparks come out of th bedroom socket and it is black around it.",ELECTRICAL,bedroom,HIGH
pe_bees,pe_bees#1,wasp nest at door,"There is a large wasp nest at the kitchen, my child was stung. I am at home after 5pm",PEST,,HIGH
pe_cockroach,pe_cockroach#0,Cockroach infestation,"Habari, The bathroom is full of cockroaches for two weeks. Asante.",PEST,,MEDIUM
st_broken_glass,st_broken_glass#0,broken window glass,"Please help, The glass in the bedroom window cracked since the weekend. Thank you",STRUCTURAL,,MEDIUM
ot_stairs_light,ot_stairs_light#1,Stairs dark at night,"Hello, The corridor lights on our floor are off and people trip on the stairs.",OTHER,,MEDIUM
pe_cockroach,pe_cockroach#0,Cockroach infestation,"Hi landlord, The kitchen is full of cockroaches for two days now. Kindly fix it soon.",PEST,kitchen,MEDIUM
ot_clothesline,ot_clothesline#0,Drying line snapped,"Good morning, The clothesline in the balcony snapped. Thank you.",OTHER,balcony,LOW
st_floor_tiles,st_floor_tiles#0,floor tile loose,"hi landlord, one floor tile in the kitchen is loose and moves when you step on it. thank you",STRUCTURAL,kitchen,LOW
st_wardrobe,st_wardrobe#0,Kitchen cabinet door falling,"Habari, The bedroom wardrobe door hinge is loose and the door does not close well. Asante.",STRUCTURAL,,LOW
st_floor_tiles,st_floor_tiles#0,Cracked floor tile,"Hi landlord, One floor tile in the sitting room is loose and moves when you step on it. Please come and check.",STRUCTURAL,sitting room,LOW
st_hairline,st_hairline#0,Small crack in plaster,"Hello, There is a small hairline crack in the plaster in the sitting room, it has not changed. When can someone come?",STRUCTURAL,,LOW
pe_bedbugs,pe_bedbugs#0,Bedbugs,"Kindly assist, We have bedbugs in the sitting room, we are getting bitten every night. Please send someone.",PEST,sitting room,MEDIUM
st_wall_crack,st_wall_crack#2,Wall cracking badly,"Habari, The sitting room wall is cracking and bulging out.",STRUCTURAL,sitting room,HIGH
pl_toilet_only,pl_toilet_only#2,Only toilet blocked,"Kindly assist, We cannot use the toilet at all, it is fully blocked and there is no other toilet. I am at home after 5pm",PLUMBING,bathroom,HIGH
ot_stairs_light,ot_stairs_light#1,staircase lights off,The corridor lights on our floor are off and people trip on the stairs. Please come and check.,OTHER,,MEDIUM
pe_cockroach,pe_cockroach#0,Cockroaches everywhere,"Habari, The store is full of cockroaches since this morning. Please come and check.",PEST,store,MEDIUM
pe_cockroach,pe_cockroach#1,Cockroaches everywhere,Cockroaches are coming from the drain into the store.,PEST,store,MEDIUM
pe_ants,pe_ants#0,Ants in kitchen,"Hello, There are some small ants in the bedroom, not too many.",PEST,,MEDIUM
pl_ceiling_leak,pl_ceiling_leak#2,Ceiling leaking near light,"Sorry to bother you, Water is leaking from the ceiling since yesterday and the ceiling board is sagging. Please come and check.",PLUMBING,bathroom,HIGH
ap_doorbell,ap_doorbell#0,Doorbell not working,"please help, th doorbell is not working for two weeks. kindly fix it soon.",APPLIANCE,gate,LOW
pl_ceiling_leak,pl_ceiling_leak#1,ceiling leaking near light,There is water coming through the ceiling in the bathroom and it is near the electric wires. Please come and check.,PLUMBING,,HIGH
pl_toilet_only,pl_toilet_only#1,Cannot use toilet,"Please help, The toilet is totally blocked, water rises to the top when flushed. It is the only toilet in the house. Please come and check",PLUMBING,toilet,HIGH
el_security_light,el_security_light#1,Outside light not working,"Good morning, The light outside the door has stopped working. Please come and check.",ELECTRICAL,stairs,LOW
st_railing,st_railing#1,stair railing broken,"The staircase railing broke off, it is dangerous for children. Please come and check.",STRUCTURAL,staircase,HIGH
pe_mosquito,pe_mosquito#0,mosquito net torn,"hi landlord, the mosquito mesh on the bedroom window is torn.",PEST,,LOW
ap_tank,ap_tank#2,Tank pump faulty,"habari, the pump keeps switching on and off.",APPLIANCE,,MEDIUM
el_switch_broken,el_switch_broken#0,Switch cover broken,The cover of the corridor switch is cracked but the switch still works.,ELECTRICAL,corridor,LOW
el_sparks,el_sparks#1,sparks from socket,"Hi, There were sparks and a loud pop from the kitchen socket for the last few days. Asante",ELECTRICAL,kitchen,HIGH
pe_mosquito,pe_mosquito#1,window mesh torn,"There is a hole in the kitchen window net, mosquitoes come in. When can someone come?",PEST,kitchen,LOW
el_nopower,el_nopower#0,No power in the house,"Hi landlord, The whole house has had no power for two days now but the neighbours have power. When can someone come?",ELECTRICAL,house,HIGH
ot_noise,ot_noise#1,Noise complaint,"Please help, There is a lot of noise from the upstairs at night. Please come and check",OTHER,,LOW
ap_fridge,ap_fridge#0,Fridge not cooling,"Habari, The fridge provided in th furnished unit stopped cooling for two weeks. Kindly fix it soon",APPLIANCE,kitchen,MEDIUM
se_cant_lock,se_cant_lock#1,Door lock broken,"Kindly assist, The key does not turn in the front door lock, we cannot lock up when we leave. I am at home after 5pm.",SECURITY,back door,HIGH
ot_stairs_light,ot_stairs_light#1,Stairs dark at night,"Sorry to bother you, The corridor lights on our floor are off and people trip on the stairs. Thank you.",OTHER,corridor,MEDIUM
pe_ants,pe_ants#1,Ants in kitchen,"Good morning, Ants come in through the kitchen window sometimes",PEST,kitchen,LOW
ot_flood_compound,ot_flood_compound#1,Flooding,Heavy rain has flooded the compound and water is coming into the house.,OTHER,compound,HIGH
pl_shower_weak,pl_shower_weak#2,Weak shower pressure,water pressure in the bathroom shower is weak but it still works. please come and check.,PLUMBING,bathroom,LOW
el_switch_broken,el_switch_broken#0,switch cover broken,"Good morning, The cover of th bedroom switch is cracked but the switch still works.",ELECTRICAL,bedroom,LOW
ot_stairs_light,ot_stairs_light#0,Stairs dark at night,"The staircase lights are not working since last night, it is very dark at night. When can someone come?",OTHER,corridor,MEDIUM
pl_toilet_only,pl_toilet_only#2,Cannot use toilet,"hi landlord, we cannot use the toilet at all, it is fully blocked and there is no other toilet. thank you",PLUMBING,bathroom,HIGH
pl_toilet_only,pl_toilet_only#1,toilet completely blocked,"The toilet is totally blocked, water rises to the top when flushed. It is the only toilet in the house. Please come and check.",PLUMBING,toilet,HIGH
se_window_grill,se_window_grill#0,Window grill loose,"Sorry to bother you, The bedroom window grill is loose and can be pulled out. Thank you",SECURITY,bedroom,MEDIUM
se_gate,se_gate#2,Gate not closing,"Hello, The gate hinge is broken and the gate is dragging.",SECURITY,gate,MEDIUM
ot_flood_compound,ot_flood_compound#0,Compound flooded,"habari, the compound is flooded and water is entering the ground floor houses.",OTHER,,HIGH
ap_heater_spark,ap_heater_spark#1,Instant shower sparks,"Please help, Smoke is coming out of the water heater in the shower.",APPLIANCE,,MEDIUM
st_broken_glass,st_broken_glass#0,broken window glass,"Hello, The glass in the kitchen window cracked since last night.",STRUCTURAL,,MEDIUM
se_gate,se_gate#1,Compound gate faulty,"Sorry to bother you, The lock on the main gate is broken, anyone can walk in",SECURITY,compound,MEDIUM
st_wardrobe,st_wardrobe#1,wardrobe door loose,One of the kitchen cabinet doors is hanging loose.,STRUCTURAL,,LOW
pe_mosquito,pe_mosquito#1,Mosquito net torn,"there is a hole in the bedroom window net, mosquitoes come in. asante.",PEST,bedroom,MEDIUM
pl_cistern,pl_cistern#0,Toilet keeps running,the toilet cistern keeps running and does not stop filling,PLUMBING,toilet,MEDIUM
pl_tap_drip,pl_tap_drip#1,Kitchen tap leaking,the tap in the bathroom does not close properly and water keeps running. please come and check.,PLUMBING,,MEDIUM
ap_no_hot_water,ap_no_hot_water#2,no hot water,"Habari, The instant shower does not heat the water any more. When can someone come?",APPLIANCE,kitchen,MEDIUM
pl_tap_drip,pl_tap_drip#2,Tap won't close,"Hello, There is a constant leak from the bathroom tap, it is wasting water.",PLUMBING,bathroom,MEDIUM
el_switch_broken,el_switch_broken#0,loose light switch,"Sorry to bother you, The cover of the sitting room switch is cracked but the switch still works. When can someone come?",ELECTRICAL,sitting room,LOW
st_paint,st_paint#2,Paint peeling,the kitchen walls look old and the paint is coming off. kindly fix it soon.,STRUCTURAL,kitchen,LOW
el_security_light,el_security_light#0,Security light bulb blown,"The outside light is not working since last night, I think the bulb is blown. Please send someone.",ELECTRICAL,outside,LOW
st_floor_tiles,st_floor_tiles#1,Tiles lifting,"Good morning, A couple of tiles in th bathroom are cracked.",STRUCTURAL,,LOW
ot_garbage,ot_garbage#0,Rubbish piling up,"Good morning, Garbage has not been collected and it is starting to smell.",OTHER,compound,MEDIUM
se_breakin,se_breakin#1,Grill cut by thieves,"hello, someone cut the bedroom window grill and broke in, we need it fixed urgently. when can someone come?",SECURITY,,HIGH
ot_stairs_light,ot_stairs_light#1,Staircase lights off,"good morning, the corridor lights on our floor are off and people trip on the stairs. thank you.",OTHER,stairs,MEDIUM
pe_bedbugs,pe_bedbugs#1,Bedbugs,"Please help, Bedbugs have spread in the house, they are in the walls and furniture.",PEST,sitting room,MEDIUM
ap_no_hot_water,ap_no_hot_water#2,Shower heater not heating,the instant shower does not heat the water any more. asante,APPLIANCE,bathroom,MEDIUM
st_ceiling_fall,st_ceiling_fall#0,ceiling board falling,Part of th kitchen ceiling has collapsed since last night. Kindly fix it soon.,STRUCTURAL,kitchen,HIGH
ot_garbage,ot_garbage#0,Garbage not collected,garbage has not been collected and it is starting to smell. when can someone come?,OTHER,,LOW
el_exposed,el_exposed#2,Exposed live wires,"Kindly assist, Electric wires are exposed near the balcony where we pass every day.",ELECTRICAL,balcony,HIGH
pe_mosquito,pe_mosquito#0,Mosquito net torn,"Kindly assist, The mosquito mesh on the kitchen window is torn. I am at home after 5pm.",PEST,kitchen,MEDIUM
el_burning,el_burning#0,Smell of burning plastic,"Please help, There is a burning smell coming from th wiring in the meter box for the last few days. Thank you.",ELECTRICAL,meter box,HIGH
pl_shower_weak,pl_shower_weak#2,Shower head blocked,"Hello, Water pressure in the shower shower is weak but it still works. Asante.",PLUMBING,shower,LOW
pl_sewage,pl_sewage#3,Sewage backflow,"please help, the main drain is blocked and sewage is backing up into the kitchen.",PLUMBING,kitchen,HIGH
pl_shower_weak,pl_shower_weak#0,weak shower pressure,"Good morning, The shower water pressure is very low for about a week, it just trickles. Kindly fix it soon.",PLUMBING,bathroom,LOW
pl_sink_blocked,pl_sink_blocked#0,Blocked sink,The laundry area sink is blocked and water drains very slowly since Monday. When can someone come?,PLUMBING,,MEDIUM
pl_nowater,pl_nowater#2,Taps dry,"None of the taps are working, no water at all. The tank seems empty.",PLUMBING,bathroom,HIGH
pl_nowater,pl_nowater#3,no water supply,"Habari, Completely no water in the unit. Neighbours have water so it must be our line. Please send someone",PLUMBING,,HIGH
se_gate,se_gate#2,gate not closing,"Kindly assist, The gate hinge is broken and the gate is dragging.",SECURITY,,MEDIUM
pl_rain_leak,pl_rain_leak#1,Gutter leaking,"hi landlord, the gutter is broken and rain water pours down the wall into the bedroom. kindly fix it soon",PLUMBING,,MEDIUM
st_floor_tiles,st_floor_tiles#1,Cracked floor tile,"Hello, A couple of tiles in th corridor are cracked. When can someone come?",STRUCTURAL,,LOW
pl_ceiling_leak,pl_ceiling_leak#0,Water dripping through ceiling,"Good morning, Water is dripping from th kitchen ceiling right next to the light fitting. I am at home after 5pm.",PLUMBING,,HIGH
pl_toilet_only,pl_toilet_only#1,only toilet blocked,"The toilet is totally blocked, water rises to the top when flushed. It is the only toilet in the house. Please come and check.",PLUMBING,bathroom,HIGH
ap_cooker,ap_cooker#2,Oven not heating,"Please help, Two plates on the electric cooker are not working.",APPLIANCE,kitchen,MEDIUM
el_socket_dead,el_socket_dead#2,Socket not working,"good morning, the bedroom socket is dead, i have to use an extension from another room. asante.",ELECTRICAL,bedroom,MEDIUM
pe_mosquito,pe_mosquito#1,Mosquito net torn,"Hi landlord, There is a hole in the bedroom window net, mosquitoes come in.",PEST,,LOW
pl_rain_leak,pl_rain_leak#0,Gutter leaking,when it rains water leaks into the corridor through the roof. asante.,PLUMBING,corridor,MEDIUM
ot_clothesline,ot_clothesline#0,Drying line snapped,The clothesline in the compound snapped. Kindly fix it soon.,OTHER,compound,LOW
st_wardrobe,st_wardrobe#0,Wardrobe door loose,"Habari, The bedroom wardrobe door hinge is loose and the door does not close well.",STRUCTURAL,bedroom,LOW
st_ceiling_fall,st_ceiling_fall#0,ceiling about to fall,"Hi landlord, Part of the kitchen ceiling has collapsed for two days now.",STRUCTURAL,kitchen,HIGH
se_spyhole,se_spyhole#1,peephole cracked,"Kindly assist, The door viewer fell out of the front door.",SECURITY,front door,LOW
st_floor_tiles,st_floor_tiles#2,Floor tile loose,"Good morning, The kitchen floor tiles are lifting slightly at the edges.",STRUCTURAL,kitchen,LOW
el_switch_broken,el_switch_broken#1,Switch plate cracked,"Habari, The light switch in th corridor is loose in the wall. Kindly fix it soon",ELECTRICAL,,LOW
ot_clothesline,ot_clothesline#1,Drying line snapped,"Kindly assist, The drying lines on th compound are broken. I am at home after 5pm.",OTHER,,LOW
se_window_grill,se_window_grill#1,Grill bent,"Sorry to bother you, One bar of the kitchen grill is bent and loose.",SECURITY,kitchen,MEDIUM
pl_tap_drip,pl_tap_drip#1,Tap dripping,"Habari, The tap in the outside does not close properly and water keeps running. Asante.",PLUMBING,outside,MEDIUM
el_shock,el_shock#1,Shock from tap,"Good morning, My child got a shock from the shower socket. When can someone come?",ELECTRICAL,shower,HIGH
ot_fire,ot_fire#1,Fire in the building,"Please help, Fire started near the corridor and the area is damaged, we need it checked urgently. Kindly fix it soon.",OTHER,corridor,HIGH
el_nopower,el_nopower#2,Whole house has no electricity,"good morning, the breaker keeps tripping and now there is no power in the whole house. when can someone come?",ELECTRICAL,house,MEDIUM
pl_tap_drip,pl_tap_drip#1,Tap dripping,the tap in the kitchen does not close properly and water keeps running.,PLUMBING,,MEDIUM
st_paint,st_paint#2,Walls need repainting,"Hi, The kitchen walls look old and th paint is coming off. When can someone come?",STRUCTURAL,kitchen,LOW
pl_ceiling_leak,pl_ceiling_leak#0,Ceiling leaking near light,Water is dripping from the bedroom ceiling right next to the light fitting. Kindly fix it soon,PLUMBING,bedroom,HIGH
ap_no_hot_water,ap_no_hot_water#0,No hot water,"The water heater is not heating, only cold water. I am at home after 5pm.",APPLIANCE,bathroom,MEDIUM
pl_toilet_only,pl_toilet_only#0,Cannot use toilet,"Sorry to bother you, Our only toilet is completely blocked and cannot be used for about a week",PLUMBING,bathroom,HIGH
ap_gas,ap_gas#0,Gas leak,"Sorry to bother you, There is a strong smell of gas in the kitchen for two weeks. I am at home after 5pm.",APPLIANCE,,HIGH
se_door_handle,se_door_handle#1,Door handle loose,"Sorry to bother you, The lock on the store door does not work but the main door locks fine. I am at home after 5pm.",SECURITY,,LOW
el_token,el_token#0,prepaid meter error,"The token meter is not accepting th token I bought, it shows an error",ELECTRICAL,house,MEDIUM
st_wardrobe,st_wardrobe#1,Kitchen cabinet door falling,"Sorry to bother you, One of the kitchen cabinet doors is hanging loose. Please send someone.",STRUCTURAL,kitchen,LOW
ot_fire,ot_fire#1,Fire damage,"Hello, Fire started near the corridor and the area is damaged, we need it checked urgently.",OTHER,corridor,HIGH
el_socket_dead,el_socket_dead#2,Sockets in one room not working,"hello, the bedroom socket is dead, i have to use an extension from another room. please come and check.",ELECTRICAL,bedroom,MEDIUM
se_locked_out,se_locked_out#0,Key broke in lock,"Habari, The key broke inside the main door lock and I am locked out. I am at home after 5pm.",SECURITY,main door,HIGH
el_sparks,el_sparks#0,Socket sparking,"hi, the socket in the kitchen sparks every time i plug something in. kindly fix it soon",ELECTRICAL,,HIGH
st_window_wont_close,st_window_wont_close#2,Window latch broken,The bedroom window is stuck open,STRUCTURAL,,MEDIUM
ap_fan,ap_fan#1,ceiling fan noisy,the bathroom extractor fan has stopped working. when can someone come?,APPLIANCE,bathroom,LOW
se_spyhole,se_spyhole#1,Door viewer broken,"Please help, The door viewer fell out of the main door. Thank you.",SECURITY,main door,LOW
pl_toilet_only,pl_toilet_only#1,Only toilet blocked,"The toilet is totally blocked, water rises to the top when flushed. It is the only toilet in the house. Asante",PLUMBING,bathroom,HIGH
ot_curtain,ot_curtain#0,curtain rail fell,"Hi landlord, The curtain rail in th bedroom fell down. Kindly fix it soon",OTHER,bedroom,LOW
pl_burst,pl_burst#1,Burst pipe,"Sorry to bother you, A water pipe burst in the kitchen and the floor is flooded. Please come and check.",PLUMBING,kitchen,HIGH
el_light_flicker,el_light_flicker#0,lights flickering,"Sorry to bother you, The kitchen lights keep flickering since last night",ELECTRICAL,kitchen,MEDIUM
pe_mosquito,pe_mosquito#0,Window mesh torn,"hello, the mosquito mesh on the kitchen window is torn. asante.",PEST,,LOW
ot_curtain,ot_curtain#0,Curtain rod loose,"hello, th curtain rail in the sitting room fell down. please send someone",OTHER,,LOW
el_burning,el_burning#1,Smell of burning plastic,"Sorry to bother you, Smoke came out of the bedroom socket and there is a smell of burning plastic. When can someone come?",ELECTRICAL,bedroom,HIGH
ap_fan,ap_fan#1,Extractor fan not working,"Kindly assist, The kitchen extractor fan has stopped working. Kindly fix it soon.",APPLIANCE,kitchen,LOW
pl_sewage,pl_sewage#0,Drain backing up,"Please help, Sewage is coming up through the shower drain and the smell is unbearable since the weekend. Thank you.",PLUMBING,shower,HIGH
ap_cooker,ap_cooker#2,Oven not heating,two plates on the electric cooker are not working. thank you,APPLIANCE,,MEDIUM
el_burning,el_burning#0,Burning smell from wires,"Hi landlord, There is a burning smell coming from the wiring in the kitchen.",ELECTRICAL,,HIGH
st_paint,st_paint#1,Paint peeling,"Good morning, Paint is flaking off the kitchen ceiling. Thank you",STRUCTURAL,kitchen,LOW
el_burning,el_burning#2,Smell of burning plastic,"Hello, The extension socket in the kitchen melted and there is a burning smell. Please send someone.",ELECTRICAL,,HIGH
se_door_handle,se_door_handle#1,Bedroom lock not working,"Hi landlord, The lock on the store door does not work but the main door locks fine. When can someone come?",SECURITY,,LOW
pe_ants,pe_ants#0,small ants,"Please help, There are some small ants in the kitchen, not too many. Asante.",PEST,kitchen,LOW
el_burning,el_burning#0,Smell of burning plastic,"hi, there is a burning smell coming from the wiring in the meter box.",ELECTRICAL,meter box,HIGH
se_window_grill,se_window_grill#0,Grill bent,"Sorry to bother you, The kitchen window grill is loose and can be pulled out.",SECURITY,kitchen,MEDIUM
pe_mosquito,pe_mosquito#1,Mosquito net torn,"Hello, There is a hole in the kitchen window net, mosquitoes come in. Thank you.",PEST,kitchen,LOW
st_wall_crack,st_wall_crack#1,wall cracking badly,"Hello, A big crack has opened in the kitchen wall, you can see light through it. Asante.",STRUCTURAL,kitchen,HIGH
el_light_flicker,el_light_flicker#1,Lights flickering,"hi landlord, all th lights in the corridor flicker in the evening. kindly fix it soon.",ELECTRICAL,corridor,MEDIUM
st_railing,st_railing#0,balcony railing loose,The balcony railing is very loose and could give way if someone leans on it. Kindly fix it soon,STRUCTURAL,,HIGH
pl_shower_weak,pl_shower_weak#1,low water pressure in shower,"The shower head seems blocked, water comes out in a few thin streams.",PLUMBING,,LOW
st_door_hinge,st_door_hinge#0,Door hanging off hinge,"Kindly assist, The toilet door has come off one hinge and does not close. When can someone come?",STRUCTURAL,toilet,MEDIUM
pl_ceiling_leak,pl_ceiling_leak#0,ceiling leaking near light,"Good morning, Water is dripping from the sitting room ceiling right next to the light fitting. When can someone come?",PLUMBING,sitting room,HIGH
pl_sink_blocked,pl_sink_blocked#1,sink blocked,"Water is not going down the kitchen sink, it stays there for hours. Please send someone.",PLUMBING,kitchen,MEDIUM
pl_sink_blocked,pl_sink_blocked#2,Sink blocked,"Sorry to bother you, The laundry area drain is clogged and smells bad",PLUMBING,laundry area,MEDIUM
ap_heater_spark,ap_heater_spark#0,Instant shower sparks,"Sorry to bother you, The instant shower heater sparks when switched on.",APPLIANCE,,HIGH
st_door_hinge,st_door_hinge#0,Door hanging off hinge,"Sorry to bother you, The kitchen door has come off one hinge and does not close. Please come and check",STRUCTURAL,kitchen,MEDIUM
el_nopower,el_nopower#0,no power in the house,the whole house has had no power for about a week but the neighbours have power. kindly fix it soon.,ELECTRICAL,house,MEDIUM
ot_stairs_light,ot_stairs_light#0,staircase lights off,"hello, th staircase lights are not working since yesterday, it is very dark at night. please send someone.",OTHER,,MEDIUM
ap_heater_spark,ap_heater_spark#1,Water heater sparking,Smoke is coming out of the water heater in the bathroom. When can someone come?,APPLIANCE,bathroom,HIGH
se_breakin,se_breakin#1,grill cut by thieves,"kindly assist, someone cut the bedroom window grill and broke in, we need it fixed urgently.",SECURITY,bedroom window,HIGH
ot_flood_compound,ot_flood_compound#1,Water entering houses,"Hello, Heavy rain has flooded th compound and water is coming into the house.",OTHER,compound,HIGH
pl_cistern,pl_cistern#2,flush not working well,"Hi landlord, Water keeps leaking from th cistern into the toilet bowl all the time. When can someone come?",PLUMBING,,MEDIUM
ap_doorbell,ap_doorbell#0,Doorbell not working,The doorbell is not working.,APPLIANCE,gate,LOW
ot_parking,ot_parking#1,Parking space taken,The parking markings have faded and people park anyhow. Asante,OTHER,,LOW
el_socket_dead,el_socket_dead#2,socket not working,"The bedroom socket is dead, I have to use an extension from another room. When can someone come?",ELECTRICAL,,LOW
el_security_light,el_security_light#0,porch light out,"Please help, The stairs light is not working, I think the bulb is blown. Please come and check.",ELECTRICAL,stairs,LOW
st_damp,st_damp#1,wall always wet,"Good morning, There is mould spreading on the bathroom ceiling and the room smells. Please send someone.",STRUCTURAL,,MEDIUM
el_shock,el_shock#2,Shock from tap,"There is current on the metal window grill door, it shocks when touched.",ELECTRICAL,window grill,HIGH
ot_parking,ot_parking#0,Parking line faded,"Habari, Someone keeps parking in my space. Please send someone",OTHER,parking,LOW
st_damp,st_damp#1,Damp and mould on wall,"Please help, There is mould spreading on the bedroom ceiling and the room smells. When can someone come?",STRUCTURAL,bedroom,MEDIUM
pe_ants,pe_ants#0,ants in kitchen,"Hello, There are some small ants in th bedroom, not too many. I am at home after 5pm.",PEST,bedroom,LOW
ot_flood_compound,ot_flood_compound#0,Compound flooded,"Kindly assist, The compound is flooded for two weeks and water is entering the ground floor houses. Asante",OTHER,ground floor,HIGH
ot_noise,ot_noise#1,Noisy neighbours,"Hi, There is a lot of noise from the next door at night. Please come and check.",OTHER,next door,LOW
pl_cistern,pl_cistern#2,flush not working well,"Kindly assist, Water keeps leaking from the cistern into the toilet bowl all the time. When can someone come?",PLUMBING,bathroom,MEDIUM
pl_rain_leak,pl_rain_leak#2,gutter leaking,"Hello, There is a small leak in the bedroom whenever it rains, we put a bucket. Asante.",PLUMBING,bedroom,MEDIUM
ot_fire,ot_fire#1,Fire damage,"Fire started near the kitchen and the area is damaged, we need it checked urgently. Please send someone.",OTHER,kitchen,HIGH
pl_ceiling_leak,pl_ceiling_leak#1,Water leaking from ceiling,"Hello, There is water coming through th ceiling in the kitchen and it is near the electric wires.",PLUMBING,kitchen,HIGH
el_burning,el_burning#1,Smell of burning plastic,"Please help, Smoke came out of th bedroom socket and there is a smell of burning plastic. I am at home after 5pm.",ELECTRICAL,bedroom,HIGH
pl_shower_weak,pl_shower_weak#2,Shower head blocked,"Habari, Water pressure in the shower shower is weak but it still works.",PLUMBING,,LOW
el_sparks,el_sparks#1,Socket sparking,"Hi, There were sparks and a loud pop from the sitting room socket for two weeks.",ELECTRICAL,sitting room,HIGH
st_floor_tiles,st_floor_tiles#1,tiles lifting,a couple of tiles in the kitchen are cracked. i am at home after 5pm.,STRUCTURAL,kitchen,MEDIUM
pe_rats,pe_rats#1,Mice problem,"good morning, we keep seeing rats at night in the kitchen.",PEST,kitchen,MEDIUM
pl_burst,pl_burst#2,pipe burst flooding house,"Water is gushing from a broken pipe in the corridor, I have put buckets but it is too much. Kindly fix it soon.",PLUMBING,corridor,HIGH
st_window_wont_close,st_window_wont_close#2,Window stuck,The bathroom window is stuck open. Please come and check.,STRUCTURAL,bathroom,MEDIUM
ot_parking,ot_parking#1,Parking line faded,"good morning, the parking markings have faded and people park anyhow. please send someone.",OTHER,parking,MEDIUM
se_breakin,se_breakin#0,House broken into,"hello, thieves broke into the house for about a week through the back door, it is still open. when can someone come?",SECURITY,,HIGH
pl_cistern,pl_cistern#1,Toilet cistern running,"Good morning, The flush handle is broken, we have to pour water to flush.",PLUMBING,,MEDIUM
ap_fridge,ap_fridge#0,Fridge stopped working,"hello, the fridge provided in the furnished unit stopped cooling since this morning. thank you.",APPLIANCE,kitchen,MEDIUM
el_light_flicker,el_light_flicker#1,Lights flickering,"hello, all the lights in the bedroom flicker in the evening. please come and check.",ELECTRICAL,bedroom,MEDIUM
pl_ceiling_leak,pl_ceiling_leak#0,ceiling leaking near light,"Sorry to bother you, Water is dripping from the sitting room ceiling right next to the light fitting",PLUMBING,sitting room,HIGH
st_damp,st_damp#2,wall always wet,dampness on th bathroom wall is making our clothes smell. please send someone.,STRUCTURAL,,MEDIUM
ap_tank,ap_tank#1,Booster pump problem,the booster pump makes noise but no water comes to the upper floors. please send someone.,APPLIANCE,,MEDIUM
ap_tank,ap_tank#0,Tank pump faulty,"Hi, The water pump is not pumping water to the tank. Kindly fix it soon.",APPLIANCE,,MEDIUM
st_wall_crack,st_wall_crack#1,Big crack in wall,"A big crack has opened in th sitting room wall for two weeks, you can see light through it. Thank you.",STRUCTURAL,sitting room,MEDIUM
st_wardrobe,st_wardrobe#2,Kitchen cabinet door falling,"Good morning, The kitchen cupboard handle came off. When can someone come?",STRUCTURAL,kitchen,MEDIUM
se_cant_lock,se_cant_lock#2,door lock broken,"Please help, The front door lock is very stiff and sometimes does not lock at all. Please send someone.",SECURITY,main door,HIGH
el_socket_dead,el_socket_dead#0,Sockets in one room not working,"Hello, The socket in the bedroom is not working.",ELECTRICAL,bedroom,MEDIUM
pe_rats,pe_rats#1,Rats in the house,"Hi, We keep seeing rats at night in the store. Please send someone.",PEST,store,MEDIUM
se_door_handle,se_door_handle#1,door handle loose,The lock on the store door does not work but the main door locks fine. Asante.,SECURITY,store,LOW
st_window_wont_close,st_window_wont_close#0,Window won't close,"good morning, the bathroom window does not close since yesterday, rain and mosquitoes come in. i am at home after 5pm.",STRUCTURAL,bathroom,MEDIUM
ot_curtain,ot_curtain#1,Curtain rail fell,The curtain rod in the sitting room is loose on one side,OTHER,,LOW
ot_clothesline,ot_clothesline#1,Clothesline broken,"Hi, The drying lines on the compound are broken.",OTHER,compound,LOW
el_burning,el_burning#0,smell of burning plastic,"Sorry to bother you, There is a burning smell coming from the wiring in the sitting room.",ELECTRICAL,sitting room,HIGH
el_sparks,el_sparks#0,Socket sparks when plugging in,"hi, the socket in the corridor sparks every time i plug something in.",ELECTRICAL,corridor,HIGH
st_broken_glass,st_broken_glass#2,broken window glass,"Please help, The bedroom window glass is broken and the wind blows in.",STRUCTURAL,bedroom,MEDIUM
ap_fridge,ap_fridge#1,Fridge not cooling,"Good morning, The fridge is running but not cold, food is spoiling. Asante",APPLIANCE,kitchen,MEDIUM
el_token,el_token#2,Token meter problem,The meter display is blank and I cannot load tokens. Please come and check.,ELECTRICAL,house,MEDIUM
st_ceiling_fall,st_ceiling_fall#1,Part of ceiling collapsed,"Please help, The bedroom ceiling board is hanging and looks like it will fall on someone.",STRUCTURAL,,HIGH
el_exposed,el_exposed#0,Naked wires,"Good morning, There are exposed live wires hanging from the kitchen ceiling, children are in the house",ELECTRICAL,kitchen,HIGH
pl_tap_drip,pl_tap_drip#0,Tap dripping,"please help, the sink tap keeps dripping even when fully closed. kindly fix it soon.",PLUMBING,sink,MEDIUM
se_door_handle,se_door_handle#0,Door handle loose,"Kindly assist, The store door handle is loose, the door still locks.",SECURITY,store,LOW
ap_gas,ap_gas#0,Gas leak,"Kindly assist, There is a strong smell of gas in the kitchen since last night. Thank you",APPLIANCE,kitchen,HIGH
el_exposed,el_exposed#1,Wires hanging out,The cover of the balcony socket fell off and the wires are naked.,ELECTRICAL,balcony,HIGH
pl_toilet_only,pl_toilet_only#2,Cannot use toilet,"kindly assist, we cannot use the toilet at all, it is fully blocked and there is no other toilet.",PLUMBING,,HIGH
pl_nowater,pl_nowater#3,no water at all,"Hi, Completely no water in the unit for about a week. Neighbours have water so it must be our line. Thank you.",PLUMBING,,HIGH
se_cant_lock,se_cant_lock#3,Front door lock stiff,"hi landlord, the lock on the main door is spoilt, the house is not secure.",SECURITY,,HIGH
pl_sewage,pl_sewage#3,Toilet overflowing with sewage,"Sorry to bother you, The main drain is blocked and sewage is backing up into the toilet.",PLUMBING,toilet,HIGH
se_locked_out,se_locked_out#0,Cannot open door,"Hello, The key broke inside the front door lock and I am locked out. Thank you.",SECURITY,front door,MEDIUM
st_floor_tiles,st_floor_tiles#0,cracked floor tile,"Kindly assist, One floor tile in the sitting room is loose and moves when you step on it",STRUCTURAL,,LOW
st_broken_glass,st_broken_glass#1,Broken window glass,"hi, a window pane in the kitchen is broken, there are sharp edges.",STRUCTURAL,,MEDIUM
pl_cistern,pl_cistern#0,Toilet cistern running,"hello, the toilet cistern keeps running since monday and does not stop filling. kindly fix it soon.",PLUMBING,toilet,MEDIUM
pl_tap_drip,pl_tap_drip#1,Tap won't close,"Hi, The tap in the outside does not close properly and water keeps running. Thank you.",PLUMBING,,MEDIUM
ap_tank,ap_tank#1,Booster pump problem,"Kindly assist, The booster pump makes noise but no water comes to the upper floors. Thank you.",APPLIANCE,tank,MEDIUM
pl_tap_stiff,pl_tap_stiff#0,tap hard to turn,The bathroom tap handle is stiff and hard to turn but it works. Asante.,PLUMBING,bathroom,LOW
pl_burst,pl_burst#1,Pipe burst,A water pipe burst in the corridor and the floor is flooded.,PLUMBING,corridor,HIGH
pl_tap_stiff,pl_tap_stiff#0,Tap hard to turn,"Sorry to bother you, The outside tap handle is stiff and hard to turn but it works.",PLUMBING,outside,LOW
ot_flood_compound,ot_flood_compound#0,Compound flooded,"Kindly assist, The compound is flooded for two days now and water is entering the ground floor houses. Asante.",OTHER,,HIGH
se_gate,se_gate#1,gate not closing,"Habari, The lock on the main gate is broken, anyone can walk in.",SECURITY,gate,MEDIUM
pl_sink_blocked,pl_sink_blocked#1,Blocked sink,"Habari, Water is not going down the bathroom sink, it stays there for hours. Please send someone.",PLUMBING,bathroom,MEDIUM
el_light_flicker,el_light_flicker#0,Light keeps flickering,The corridor lights keep flickering for about a week. Thank you.,ELECTRICAL,corridor,MEDIUM
pe_bees,pe_bees#0,swarm of bees,"Habari, A swarm of bees has settled in the roof above the bedroom, they are stinging people. Asante.",PEST,bedroom,HIGH
ot_curtain,ot_curtain#1,curtain rod loose,"Hi, The curtain rod in the bedroom is loose on one side.",OTHER,bedroom,LOW
st_door_hinge,st_door_hinge#0,door not closing,"hi, the bathroom door has come off one hinge and does not close. kindly fix it soon.",STRUCTURAL,bathroom,MEDIUM
pl_tap_drip,pl_tap_drip#3,Kitchen tap leaking,"hello, the outside tap is loose and drips all night. please send someone.",PLUMBING,,MEDIUM
ap_tank,ap_tank#2,Booster pump problem,"Habari, The pump keeps switching on and off. When can someone come?",APPLIANCE,,MEDIUM
pl_cistern,pl_cistern#2,Toilet cistern running,"please help, water keeps leaking from the cistern into the toilet bowl all the time. please send someone.",PLUMBING,toilet,MEDIUM
st_window_wont_close,st_window_wont_close#1,Window stuck,The latch on the kitchen window is broken so it cannot close properly. When can someone come?,STRUCTURAL,,MEDIUM
pl_nowater,pl_nowater#3,No water in the house,completely no water in the unit since the weekend. neighbours have water so it must be our line.,PLUMBING,,HIGH
ap_doorbell,ap_doorbell#0,Bell not ringing,"Sorry to bother you, The doorbell is not working since the weekend. When can someone come?",APPLIANCE,front door,LOW
ot_parking,ot_parking#1,parking line faded,The parking markings have faded and people park anyhow. Please come and check.,OTHER,parking,LOW
st_wall_crack,st_wall_crack#1,Big crack in wall,"Sorry to bother you, A big crack has opened in the sitting room wall for two days now, you can see light through it. When can someone come?",STRUCTURAL,sitting room,HIGH
se_door_handle,se_door_handle#0,Bedroom lock not working,"The store door handle is loose, the door still locks. Asante.",SECURITY,,LOW
se_breakin,se_breakin#0,House broken into,"Hello, Thieves broke into the house through the bedroom window, it is still open. I am at home after 5pm.",SECURITY,bedroom window,HIGH
ap_fan,ap_fan#2,Fan making noise,the fan in the kitchen wobbles a bit when on. thank you.,APPLIANCE,kitchen,LOW
st_hairline,st_hairline#1,Hairline crack on wall,"Hello, Small crack on the bedroom wall, just cosmetic I think. I am at home after 5pm.",STRUCTURAL,bedroom,LOW
ot_flood_compound,ot_flood_compound#1,Flooding,"Hello, Heavy rain has flooded the ground floor and water is coming into the house. Please send someone.",OTHER,,HIGH
el_nopower,el_nopower#2,No electricity,"Good morning, The breaker keeps tripping and now there is no power in the whole house. When can someone come?",ELECTRICAL,unit,HIGH
ap_gas,ap_gas#0,Gas smell in kitchen,There is a strong smell of gas in the house. I am at home after 5pm.,APPLIANCE,house,HIGH
el_light_flicker,el_light_flicker#2,Light keeps flickering,the kitchen light flickers on and off when the fridge starts. please send someone,ELECTRICAL,kitchen,MEDIUM
ot_clothesline,ot_clothesline#0,Clothesline broken,The clothesline in the rooftop snapped,OTHER,,LOW
pl_sink_blocked,pl_sink_blocked#1,Kitchen sink not draining,"hi, water is not going down the bathroom sink, it stays there for hours",PLUMBING,bathroom,MEDIUM
ot_stairs_light,ot_stairs_light#1,staircase lights off,"Hi landlord, The corridor lights on our floor are off and people trip on the stairs. I am at home after 5pm.",OTHER,stairs,MEDIUM
st_paint,st_paint#1,paint peeling,Paint is flaking off the bedroom ceiling since last night.,STRUCTURAL,bedroom,MEDIUM
st_floor_tiles,st_floor_tiles#2,Tiles lifting,"please help, the kitchen floor tiles are lifting slightly at the edges. kindly fix it soon.",STRUCTURAL,kitchen,LOW
ap_gas,ap_gas#1,Cooker leaking gas,"Good morning, I think the cooker is leaking gas, we can smell it even when it is off. I am at home after 5pm",APPLIANCE,kitchen,MEDIUM
st_wall_crack,st_wall_crack#0,Wall cracking badly,"Hello, There is a large crack in th outside wall and it is getting wider every day. Please send someone",STRUCTURAL,,HIGH
el_socket_dead,el_socket_dead#2,Socket not working,"Hello, The bedroom socket is dead, I have to use an extension from another room. Kindly fix it soon",ELECTRICAL,bedroom,MEDIUM
ot_clothesline,ot_clothesline#0,Drying line snapped,"Please help, The clothesline in the rooftop snapped. Asante.",OTHER,,LOW
pe_bees,pe_bees#1,Wasp nest at door,"There is a large wasp nest at th balcony, my child was stung",PEST,balcony,HIGH
el_security_light,el_security_light#0,Outside light not working,"Hi, The porch light is not working for two days now, I think the bulb is blown.",ELECTRICAL,porch,LOW
pl_ceiling_leak,pl_ceiling_leak#2,Water dripping through ceiling,"Please help, Water is leaking from the ceiling and the ceiling board is sagging.",PLUMBING,,HIGH
ap_no_hot_water,ap_no_hot_water#1,Water heater not working,"Habari, There is no hot water in the kitchen shower. Thank you.",APPLIANCE,kitchen,MEDIUM
el_token,el_token#2,meter not accepting token,"please help, the meter display is blank and i cannot load tokens.",ELECTRICAL,house,MEDIUM
el_nopower,el_nopower#1,No power in the house,"Hi, All the lights and sockets stopped working, no electricity in the unit at all. Thank you.",ELECTRICAL,,HIGH
st_broken_glass,st_broken_glass#0,Window pane cracked,"Hello, The glass in the bedroom window cracked. Please come and check.",STRUCTURAL,bedroom,MEDIUM
ap_cooker,ap_cooker#2,Cooker burner not working,two plates on the electric cooker are not working. thank you.,APPLIANCE,kitchen,MEDIUM
st_door_hinge,st_door_hinge#0,Door hinge broken,the bathroom door has come off one hinge and does not close. i am at home after 5pm.,STRUCTURAL,,MEDIUM
st_floor_tiles,st_floor_tiles#0,cracked floor tile,One floor tile in the corridor is loose and moves when you step on it.,STRUCTURAL,corridor,LOW
se_window_grill,se_window_grill#1,Grill bent,One bar of the kitchen grill is bent and loose. Thank you,SECURITY,kitchen,MEDIUM
ot_fire,ot_fire#0,Fire in the building,"hi landlord, there was a small fire in th meter box since monday, it is out now but the wall is burnt and wires are damaged. please send someone.",OTHER,,HIGH
pe_bedbugs,pe_bedbugs#1,Bedbug infestation,"Please help, Bedbugs have spread in the house, they are in the walls and furniture",PEST,sitting room,MEDIUM
el_nopower,el_nopower#2,no power in the house,"Habari, The breaker keeps tripping and now there is no power in th whole house. I am at home after 5pm.",ELECTRICAL,unit,HIGH
st_broken_glass,st_broken_glass#0,Broken window glass,"Hello, The glass in the bedroom window cracked. When can someone come?",STRUCTURAL,bedroom,LOW
ot_parking,ot_parking#0,Parking space taken,"Habari, Someone keeps parking in my space.",OTHER,parking,LOW
ap_fridge,ap_fridge#0,Fridge not cooling,"Habari, The fridge provided in the furnished unit stopped cooling since the weekend. When can someone come?",APPLIANCE,,MEDIUM
pl_tap_stiff,pl_tap_stiff#1,Tap hard to turn,"good morning, the tap in the bathroom squeaks when turned, no leak though.",PLUMBING,,LOW
el_security_light,el_security_light#1,security light bulb blown,"Good morning, The light outside th door has stopped working. Asante.",ELECTRICAL,outside,LOW
ap_doorbell,ap_doorbell#0,bell not ringing,"Sorry to bother you, The doorbell is not working since last night. Thank you.",APPLIANCE,front door,LOW
pe_ants,pe_ants#1,Small ants,"Hi landlord, Ants come in through the bedroom window sometimes.",PEST,bedroom,LOW
se_spyhole,se_spyhole#1,Peephole cracked,"Hello, The door viewer fell out of the main door. Please send someone.",SECURITY,main door,LOW
pe_mosquito,pe_mosquito#0,Mosquito net torn,"Sorry to bother you, The mosquito mesh on the kitchen window is torn.",PEST,kitchen,LOW
pl_tap_stiff,pl_tap_stiff#1,tap hard to turn,"Please help, The tap in th outside squeaks when turned, no leak though. Please come and check.",PLUMBING,,LOW
pl_shower_weak,pl_shower_weak#0,Weak shower pressure,"please help, the shower water pressure is very low since the weekend, it just trickles. please come and check.",PLUMBING,shower,LOW
ot_garbage,ot_garbage#1,Garbage not collected,the rubbish pile near th gate is very big and attracting flies.,OTHER,gate,MEDIUM
se_spyhole,se_spyhole#0,Peephole cracked,the peephole on the front door is cracked. i am at home after 5pm,SECURITY,,LOW
ot_flood_compound,ot_flood_compound#0,flooding,the compound is flooded and water is entering the ground floor houses. kindly fix it soon.,OTHER,,HIGH
st_ceiling_fall,st_ceiling_fall#2,Part of ceiling collapsed,"hello, pieces of the ceiling are falling in the bathroom. i am at home after 5pm.",STRUCTURAL,bathroom,HIGH
se_breakin,se_breakin#2,Grill cut by thieves,"Please help, There was a break-in and the bedroom window is damaged and cannot close. Asante.",SECURITY,bedroom window,MEDIUM
ap_tank,ap_tank#2,Booster pump problem,"Habari, The pump keeps switching on and off. When can someone come?",APPLIANCE,,MEDIUM
st_window_wont_close,st_window_wont_close#0,Window stuck,"Kindly assist, The bedroom window does not close since yesterday, rain and mosquitoes come in.",STRUCTURAL,bedroom,MEDIUM
ot_flood_compound,ot_flood_compound#0,Water entering houses,"habari, the compound is flooded since monday and water is entering the ground floor houses. kindly fix it soon.",OTHER,,HIGH
ot_clothesline,ot_clothesline#0,Drying line snapped,"sorry to bother you, the clothesline in the balcony snapped. when can someone come?",OTHER,balcony,LOW
pl_sewage,pl_sewage#3,toilet overflowing with sewage,The main drain is blocked and sewage is backing up into the toilet. Thank you.,PLUMBING,toilet,HIGH
ot_flood_compound,ot_flood_compound#0,Compound flooded,"Hello, The compound is flooded for about a week and water is entering the ground floor houses. Please come and check.",OTHER,compound,HIGH
ap_no_hot_water,ap_no_hot_water#0,No hot water,"The water heater is not heating since this morning, only cold water",APPLIANCE,shower,MEDIUM
pl_shower_weak,pl_shower_weak#0,Low water pressure in shower,"Kindly assist, The shower water pressure is very low since this morning, it just trickles. Thank you.",PLUMBING,shower,LOW
pe_mosquito,pe_mosquito#1,window mesh torn,"please help, there is a hole in the bedroom window net, mosquitoes come in. please send someone.",PEST,bedroom,LOW
se_locked_out,se_locked_out#1,cannot open door,I am locked out because the main door lock jammed.,SECURITY,main door,HIGH
ap_doorbell,ap_doorbell#0,Doorbell not working,The doorbell is not working since yesterday. Please come and check.,APPLIANCE,gate,LOW
ot_stairs_light,ot_stairs_light#1,Stairs dark at night,The corridor lights on our floor are off and people trip on the stairs.,OTHER,stairs,MEDIUM
st_railing,st_railing#1,stair railing broken,"The staircase railing broke off since yesterday, it is dangerous for children.",STRUCTURAL,,HIGH
ot_clothesline,ot_clothesline#1,Clothesline broken,"Hi landlord, The drying lines on the balcony are broken",OTHER,balcony,LOW
se_window_grill,se_window_grill#1,Window grill loose,"hi, one bar of the sitting room grill is bent and loose. please send someone.",SECURITY,,MEDIUM
st_damp,st_damp#0,Mould growing,"Habari, The bedroom wall is always damp and black mould is growing since last night. I am at home after 5pm.",STRUCTURAL,bedroom,MEDIUM
ap_fan,ap_fan#2,extractor fan not working,The fan in the kitchen wobbles a bit when on. Asante,APPLIANCE,kitchen,LOW
pe_bedbugs,pe_bedbugs#0,bedbug infestation,"We have bedbugs in the bedroom since yesterday, we are getting bitten every night. Asante.",PEST,,MEDIUM
pl_tap_drip,pl_tap_drip#0,Leaking tap,"Hi landlord, The bathroom tap keeps dripping since this morning even when fully closed. Kindly fix it soon",PLUMBING,bathroom,MEDIUM
pe_rats,pe_rats#0,Rats in kitchen,"Hi, There are rats in the sitting room since yesterday, they are eating our food. Please send someone",PEST,sitting room,MEDIUM
ot_garbage,ot_garbage#1,rubbish piling up,"Sorry to bother you, The rubbish pile near the parking is very big and attracting flies. I am at home after 5pm.",OTHER,parking,MEDIUM
st_floor_tiles,st_floor_tiles#1,Floor tile loose,"Sorry to bother you, A couple of tiles in the corridor are cracked.",STRUCTURAL,corridor,LOW
pe_rats,pe_rats#0,rats in the house,"habari, there are rats in the sitting room for two days now, they are eating our food. please send someone",PEST,sitting room,MEDIUM
el_sparks,el_sparks#0,socket sparks when plugging in,"Please help, The socket in the kitchen sparks every time I plug something in. Please send someone.",ELECTRICAL,kitchen,HIGH
el_security_light,el_security_light#1,outside light not working,The light outside the door has stopped working.,ELECTRICAL,stairs,LOW
el_switch_broken,el_switch_broken#2,Switch cover broken,"The bedroom switch plate is broken, it works fine though. I am at home after 5pm.",ELECTRICAL,,LOW
pe_cockroach,pe_cockroach#1,Cockroach infestation,"Sorry to bother you, Cockroaches are coming from the drain into the bathroom.",PEST,bathroom,MEDIUM
se_gate,se_gate#2,gate not closing,The gate hinge is broken and the gate is dragging. Thank you.,SECURITY,gate,MEDIUM
el_light_flicker,el_light_flicker#2,Lights flickering,The corridor light flickers on and off when th fridge starts. Asante.,ELECTRICAL,corridor,MEDIUM
pe_bees,pe_bees#2,Bees in the roof,"Hi, Bees are coming into the house from the ceiling since last night. Asante.",PEST,bedroom,HIGH
pl_rain_leak,pl_rain_leak#1,Roof leak when raining,"good morning, th gutter is broken and rain water pours down the wall into the bedroom. when can someone come?",PLUMBING,bedroom,MEDIUM
st_damp,st_damp#1,Wall always wet,"sorry to bother you, there is mould spreading on the bathroom ceiling and the room smells. asante.",STRUCTURAL,,MEDIUM
st_window_wont_close,st_window_wont_close#2,Window won't close,"kindly assist, the bedroom window is stuck open. asante",STRUCTURAL,bedroom,MEDIUM
pe_cockroach,pe_cockroach#0,Cockroach infestation,The kitchen is full of cockroaches.,PEST,kitchen,HIGH
el_shock,el_shock#2,Got electric shock,"Hello, There is current on the metal gate door, it shocks when touched. Asante",ELECTRICAL,gate,HIGH
el_security_light,el_security_light#0,outside light not working,"Kindly assist, The outside light is not working, I think the bulb is blown. I am at home after 5pm",ELECTRICAL,outside,LOW
el_burning,el_burning#2,Smell of burning plastic,The extension socket in the bedroom melted and there is a burning smell. Asante.,ELECTRICAL,bedroom,HIGH
ap_no_hot_water,ap_no_hot_water#2,Shower heater not heating,The instant shower does not heat th water any more,APPLIANCE,bathroom,MEDIUM
el_exposed,el_exposed#0,exposed live wires,"Kindly assist, There are exposed live wires hanging from the kitchen ceiling, children are in the house",ELECTRICAL,,HIGH
pe_bees,pe_bees#0,wasp nest at door,"Habari, A swarm of bees has settled in the roof above the balcony, they are stinging people",PEST,,MEDIUM
st_hairline,st_hairline#1,Small crack in plaster,"Please help, Small crack on the corridor wall, just cosmetic I think.",STRUCTURAL,,LOW
el_security_light,el_security_light#1,Outside light not working,"Hi landlord, The light outside the door has stopped working.",ELECTRICAL,,LOW
el_switch_broken,el_switch_broken#2,Switch plate cracked,"Hello, The sitting room switch plate is broken, it works fine though. When can someone come?",ELECTRICAL,,LOW
st_paint,st_paint#1,Paint peeling,"Hello, Paint is flaking off the sitting room ceiling since the weekend. Asante.",STRUCTURAL,sitting room,LOW
st_wall_crack,st_wall_crack#2,big crack in wall,"Sorry to bother you, The kitchen wall is cracking and bulging out.",STRUCTURAL,,HIGH
pe_mosquito,pe_mosquito#1,Mosquito net torn,"Hello, There is a hole in the bedroom window net, mosquitoes come in. Thank you.",PEST,bedroom,LOW
pl_burst,pl_burst#2,Burst pipe,"Habari, Water is gushing from a broken pipe in the bathroom, I have put buckets but it is too much. When can someone come?",PLUMBING,,HIGH
ap_fridge,ap_fridge#1,Fridge stopped working,"Hi, The fridge is running but not cold, food is spoiling. Please come and check.",APPLIANCE,,MEDIUM
st_railing,st_railing#2,Balcony railing loose,The metal railing on the balcony is rusted through and shaking. Kindly fix it soon.,STRUCTURAL,balcony,HIGH
st_wardrobe,st_wardrobe#1,Kitchen cabinet door falling,"Good morning, One of the kitchen cabinet doors is hanging loose.",STRUCTURAL,kitchen,LOW
pl_toilet_only,pl_toilet_only#0,Cannot use toilet,"Please help, Our only toilet is completely blocked and cannot be used since yesterday.",PLUMBING,toilet,HIGH
pe_bedbugs,pe_bedbugs#1,Bedbugs,"Please help, Bedbugs have spread in the house, they are in the walls and furniture. When can someone come?",PEST,sitting room,MEDIUM
se_door_handle,se_door_handle#0,bedroom lock not working,"kindly assist, th bathroom door handle is loose, the door still locks.",SECURITY,bathroom,LOW
ot_noise,ot_noise#1,Noise complaint,"Kindly assist, There is a lot of noise from th upstairs at night. Kindly fix it soon.",OTHER,,LOW
el_sparks,el_sparks#1,Socket sparks when plugging in,There were sparks and a loud pop from the sitting room socket since the weekend. Kindly fix it soon.,ELECTRICAL,sitting room,HIGH
ot_flood_compound,ot_flood_compound#1,Water entering houses,"please help, heavy rain has flooded the ground floor and water is coming into the house. please send someone.",OTHER,ground floor,HIGH
ot_garbage,ot_garbage#0,garbage not collected,"Hi landlord, Garbage has not been collected for the last few days and it is starting to smell. Please come and check.",OTHER,compound,MEDIUM
st_broken_glass,st_broken_glass#1,broken window glass,"Hello, A window pane in th sitting room is broken, there are sharp edges. Please come and check.",STRUCTURAL,sitting room,MEDIUM
ot_fire,ot_fire#1,Fire damage,"Fire started near the corridor and the area is damaged, we need it checked urgently. I am at home after 5pm",OTHER,corridor,HIGH
st_railing,st_railing#1,Balcony railing loose,"Sorry to bother you, The staircase railing broke off, it is dangerous for children. Asante.",STRUCTURAL,,HIGH
pe_cockroach,pe_cockroach#1,Cockroach infestation,"Please help, Cockroaches are coming from the drain into the bathroom.",PEST,,MEDIUM
el_token,el_token#2,Prepaid meter error,The meter display is blank and I cannot load tokens. Thank you.,ELECTRICAL,house,MEDIUM
ot_fire,ot_fire#1,Fire damage,"Fire started near th kitchen and the area is damaged, we need it checked urgently. Please come and check.",OTHER,,MEDIUM
pl_rain_leak,pl_rain_leak#2,Roof leak when raining,"Hi, There is a small leak in the sitting room whenever it rains, we put a bucket. Thank you.",PLUMBING,,MEDIUM
el_shock,el_shock#2,got electric shock,"There is current on the metal window grill door, it shocks when touched. Asante",ELECTRICAL,window grill,HIGH
el_nopower,el_nopower#2,Whole house has no electricity,"Sorry to bother you, The breaker keeps tripping and now there is no power in the whole house.",ELECTRICAL,house,HIGH
el_security_light,el_security_light#0,Security light bulb blown,"hello, the outside light is not working, i think the bulb is blown. kindly fix it soon.",ELECTRICAL,outside,LOW
ap_heater_spark,ap_heater_spark#1,Water heater sparking,"Hello, Smoke is coming out of the water heater in the shower. Please send someone",APPLIANCE,shower,HIGH
el_shock,el_shock#0,Got electric shock,"hi, i got an electric shock when i touched the sink. please send someone.",ELECTRICAL,sink,HIGH
se_cant_lock,se_cant_lock#0,front door lock stiff,The main door lock is broken and we cannot lock the house since Monday. I am at home after 5pm,SECURITY,main door,HIGH
pl_tap_drip,pl_tap_drip#3,kitchen tap leaking,"Sorry to bother you, The sink tap is loose and drips all night. When can someone come?",PLUMBING,sink,MEDIUM
ot_curtain,ot_curtain#1,curtain rail fell,"Habari, The curtain rod in the sitting room is loose on one side. Thank you",OTHER,sitting room,MEDIUM
ot_stairs_light,ot_stairs_light#1,Stairs dark at night,"Hello, The corridor lights on our floor are off and people trip on the stairs. Kindly fix it soon",OTHER,corridor,MEDIUM
se_spyhole,se_spyhole#1,door viewer broken,"Hi landlord, The door viewer fell out of the main door. Thank you.",SECURITY,,LOW
st_window_wont_close,st_window_wont_close#2,window won't close,The bathroom window is stuck open. Kindly fix it soon.,STRUCTURAL,bathroom,MEDIUM
ap_fan,ap_fan#0,fan making noise,"please help, the ceiling fan in the kitchen makes a rattling noise. when can someone come?",APPLIANCE,kitchen,LOW
ap_doorbell,ap_doorbell#0,Bell not ringing,"Hello, The doorbell is not working since Monday. Thank you.",APPLIANCE,gate,LOW
st_wall_crack,st_wall_crack#0,Wall cracking badly,"Hello, There is a large crack in th sitting room wall and it is getting wider every day. Please send someone.",STRUCTURAL,,HIGH
ot_garbage,ot_garbage#0,rubbish piling up,"Kindly assist, Garbage has not been collected and it is starting to smell. Kindly fix it soon",OTHER,compound,MEDIUM
se_window_grill,se_window_grill#1,Window grill loose,One bar of the kitchen grill is bent and loose. I am at home after 5pm.,SECURITY,kitchen,MEDIUM
se_door_handle,se_door_handle#0,Door handle loose,"Hi landlord, The bathroom door handle is loose, th door still locks. I am at home after 5pm",SECURITY,bathroom,LOW
pe_rats,pe_rats#1,Mice problem,We keep seeing rats at night in the store.,PEST,,MEDIUM
se_cant_lock,se_cant_lock#1,front door lock stiff,"The key does not turn in the front door lock, we cannot lock up when we leave.",SECURITY,,HIGH
st_damp,st_damp#2,damp and mould on wall,Dampness on the kitchen wall is making our clothes smell. When can someone come?,STRUCTURAL,,MEDIUM
se_spyhole,se_spyhole#1,Door viewer broken,"Sorry to bother you, The door viewer fell out of the front door. I am at home after 5pm.",SECURITY,front door,LOW
ot_curtain,ot_curtain#1,curtain rail fell,"hi, the curtain rod in the bedroom is loose on one side.",OTHER,bedroom,LOW
se_spyhole,se_spyhole#1,Peephole cracked,"Hi, The door viewer fell out of the front door",SECURITY,front door,LOW
pl_tap_stiff,pl_tap_stiff#1,Tap hard to turn,"Hi, The tap in the outside squeaks when turned, no leak though. Please come and check.",PLUMBING,outside,LOW
ap_tank,ap_tank#0,water pump not working,The water pump is not pumping water to th tank for about a week. When can someone come?,APPLIANCE,roof,MEDIUM
ot_stairs_light,ot_stairs_light#0,Staircase lights off,"Hi landlord, The staircase lights are not working since Monday, it is very dark at night. When can someone come?",OTHER,stairs,MEDIUM
el_burning,el_burning#2,smell of burning plastic,"Habari, The extension socket in the bedroom melted and there is a burning smell. I am at home after 5pm.",ELECTRICAL,bedroom,HIGH
pe_bedbugs,pe_bedbugs#0,Bedbug infestation,"we have bedbugs in th sitting room for two weeks, we are getting bitten every night. asante",PEST,,MEDIUM
st_window_wont_close,st_window_wont_close#2,Window stuck,"Kindly assist, The bedroom window is stuck open. When can someone come?",STRUCTURAL,bedroom,MEDIUM
el_switch_broken,el_switch_broken#0,Switch cover broken,"Kindly assist, The cover of the bedroom switch is cracked but the switch still works. Please send someone.",ELECTRICAL,,LOW
pl_nowater,pl_nowater#3,Taps dry,"Good morning, Completely no water in the unit for about a week. Neighbours have water so it must be our line. When can someone come?",PLUMBING,house,HIGH
se_gate,se_gate#1,compound gate faulty,"Hi landlord, The lock on the main gate is broken, anyone can walk in.",SECURITY,,MEDIUM
st_broken_glass,st_broken_glass#0,Glass broken,The glass in the bedroom window cracked for about a week.,STRUCTURAL,,HIGH
pl_ceiling_leak,pl_ceiling_leak#0,Water leaking from ceiling,"Habari, Water is dripping from the kitchen ceiling right next to the light fitting. Thank you",PLUMBING,kitchen,MEDIUM
st_window_wont_close,st_window_wont_close#0,Window stuck,"good morning, the sitting room window does not close since monday, rain and mosquitoes come in. please come and check.",STRUCTURAL,,MEDIUM
se_breakin,se_breakin#1,Grill cut by thieves,"Please help, Someone cut the bedroom window grill and broke in, we need it fixed urgently. Thank you",SECURITY,bedroom window,HIGH
pl_cistern,pl_cistern#2,Flush not working well,water keeps leaking from the cistern into the toilet bowl all the time.,PLUMBING,toilet,MEDIUM
ap_cooker,ap_cooker#0,cooker burner not working,"Hi, One of the cooker burners does not light for the last few days. Thank you",APPLIANCE,kitchen,MEDIUM
st_floor_tiles,st_floor_tiles#0,Tiles lifting,"Sorry to bother you, One floor tile in the sitting room is loose and moves when you step on it. Please come and check",STRUCTURAL,sitting room,LOW
ap_doorbell,ap_doorbell#0,Doorbell not working,"please help, the doorbell is not working since the weekend. asante.",APPLIANCE,gate,LOW
st_window_wont_close,st_window_wont_close#0,window stuck,"Hi, The bathroom window does not close for two days now, rain and mosquitoes come in",STRUCTURAL,,MEDIUM
pl_tap_drip,pl_tap_drip#0,Kitchen tap leaking,"Hi landlord, The kitchen tap keeps dripping for two days now even when fully closed. Thank you.",PLUMBING,kitchen,MEDIUM
se_cant_lock,se_cant_lock#2,Door lock broken,"Habari, The front door lock is very stiff and sometimes does not lock at all. Thank you.",SECURITY,main door,HIGH
ot_clothesline,ot_clothesline#0,Clothesline broken,"hi, the clothesline in the compound snapped.",OTHER,compound,LOW
el_light_flicker,el_light_flicker#0,Lights dim and flicker,"Good morning, The kitchen lights keep flickering since Monday. Asante.",ELECTRICAL,,MEDIUM
ot_fire,ot_fire#0,Small fire,"There was a small fire in the corridor since the weekend, it is out now but the wall is burnt and wires are damaged",OTHER,corridor,HIGH
pl_sewage,pl_sewage#3,Toilet overflowing with sewage,The main drain is blocked and sewage is backing up into the toilet.,PLUMBING,toilet,HIGH
el_nopower,el_nopower#1,No electricity,"Sorry to bother you, All the lights and sockets stopped working, no electricity in the unit at all.",ELECTRICAL,house,HIGH
el_shock,el_shock#2,Got electric shock,"There is current on the metal window grill door, it shocks when touched. When can someone come?",ELECTRICAL,window grill,HIGH
pe_bees,pe_bees#2,wasp nest at door,"Kindly assist, Bees are coming into the house from the ceiling since the weekend. I am at home after 5pm",PEST,,HIGH
ot_noise,ot_noise#0,Noise complaint,"Habari, The neighbours play loud music late at night since this morning.",OTHER,,LOW
ot_flood_compound,ot_flood_compound#1,Flooding,"good morning, heavy rain has flooded the ground floor and water is coming into the house",OTHER,ground floor,HIGH
se_spyhole,se_spyhole#1,Door viewer broken,"Hi landlord, The door viewer fell out of the main door.",SECURITY,main door,LOW
pe_bees,pe_bees#1,Wasp nest at door,"Good morning, There is a large wasp nest at the bedroom, my child was stung. Please send someone.",PEST,bedroom,HIGH
ap_gas,ap_gas#2,Cooker leaking gas,"Hi, Gas is leaking from the pipe to the cooker in the kitchen. Please send someone.",APPLIANCE,kitchen,HIGH
st_hairline,st_hairline#1,Small crack in plaster,"Please help, Small crack on the corridor wall, just cosmetic I think. Please come and check.",STRUCTURAL,corridor,LOW
pe_mosquito,pe_mosquito#0,Mosquito net torn,The mosquito mesh on the kitchen window is torn. When can someone come?,PEST,kitchen,LOW
st_floor_tiles,st_floor_tiles#1,Cracked floor tile,a couple of tiles in the kitchen are cracked,STRUCTURAL,,LOW
ot_clothesline,ot_clothesline#1,drying line snapped,The drying lines on the balcony are broken.,OTHER,,LOW
pe_cockroach,pe_cockroach#0,Cockroaches everywhere,"kindly assist, the store is full of cockroaches. when can someone come?",PEST,,MEDIUM
pl_sewage,pl_sewage#0,Sewage coming out,"Please help, Sewage is coming up through the toilet drain and the smell is unbearable. I am at home after 5pm.",PLUMBING,toilet,HIGH
el_socket_dead,el_socket_dead#1,Socket not working,"Hi, None of the sockets in the kitchen have power, the rest of the house is fine. Kindly fix it soon.",ELECTRICAL,,MEDIUM
el_sparks,el_sparks#3,Switch sparking,"Good morning, Sparks come out of the corridor socket and it is black around it.",ELECTRICAL,corridor,HIGH
pl_burst,pl_burst#0,Burst pipe,"Habari, The pipe under the bathroom sink has burst and water is pouring everywhere for the last few days. Please send someone.",PLUMBING,bathroom,HIGH
st_wardrobe,st_wardrobe#1,wardrobe door loose,"Hello, One of the kitchen cabinet doors is hanging loose. I am at home after 5pm.",STRUCTURAL,bedroom,LOW
pl_cistern,pl_cistern#0,Toilet cistern running,"sorry to bother you, the toilet cistern keeps running and does not stop filling. kindly fix it soon.",PLUMBING,toilet,MEDIUM
ap_doorbell,ap_doorbell#1,Bell not ringing,"The doorbell stopped ringing, visitors have to knock. Please send someone.",APPLIANCE,front door,LOW
st_wardrobe,st_wardrobe#2,kitchen cabinet door falling,"Habari, The bedroom cupboard handle came off. Please come and check",STRUCTURAL,bedroom,LOW
pl_rain_leak,pl_rain_leak#2,Leak when it rains,"Good morning, There is a small leak in the kitchen whenever it rains, we put a bucket.",PLUMBING,kitchen,MEDIUM
ot_parking,ot_parking#0,parking space taken,"kindly assist, someone keeps parking in my space since the weekend.",OTHER,parking,LOW
pe_mosquito,pe_mosquito#0,Window mesh torn,"Good morning, The mosquito mesh on the kitchen window is torn. Kindly fix it soon.",PEST,kitchen,LOW
pl_sink_blocked,pl_sink_blocked#2,sink blocked,"Hi, The bathroom drain is clogged and smells bad. Please send someone.",PLUMBING,bathroom,MEDIUM
pl_tap_stiff,pl_tap_stiff#1,Tap hard to turn,"Hi landlord, The tap in the kitchen squeaks when turned, no leak though. Thank you.",PLUMBING,kitchen,LOW
el_security_light,el_security_light#1,Security light bulb blown,"Hello, The light outside the door has stopped working. Asante.",ELECTRICAL,outside,LOW
pl_toilet_only,pl_toilet_only#2,Cannot use toilet,"Sorry to bother you, We cannot use the toilet at all, it is fully blocked and there is no other toilet.",PLUMBING,toilet,HIGH
pe_ants,pe_ants#0,Ants in kitchen,"Sorry to bother you, There are some small ants in the bedroom, not too many.",PEST,,LOW
st_paint,st_paint#0,Wall paint peeling off,"kindly assist, the paint on the bathroom walls is peeling off.",STRUCTURAL,bathroom,LOW
el_switch_broken,el_switch_broken#1,Loose light switch,"Sorry to bother you, The light switch in the sitting room is loose in the wall. Please come and check.",ELECTRICAL,sitting room,LOW
pl_nowater,pl_nowater#1,No water supply,"Kindly assist, We have had no water supply since yesterday, we cannot cook, bathe or flush the toilet.",PLUMBING,house,HIGH
pl_toilet_only,pl_toilet_only#1,only toilet blocked,"Kindly assist, The toilet is totally blocked, water rises to the top when flushed. It is the only toilet in the house. I am at home after 5pm.",PLUMBING,bathroom,HIGH
se_locked_out,se_locked_out#1,Key broke in lock,"Hello, I am locked out because the front door lock jammed since the weekend. Kindly fix it soon.",SECURITY,front door,HIGH
el_socket_dead,el_socket_dead#2,socket not working,"The kitchen socket is dead, I have to use an extension from another room.",ELECTRICAL,kitchen,MEDIUM
st_window_wont_close,st_window_wont_close#0,Window latch broken,"Please help, The bedroom window does not close, rain and mosquitoes come in. Asante.",STRUCTURAL,bedroom,MEDIUM
pl_burst,pl_burst#0,Water pipe has burst,"good morning, the pipe under the kitchen sink has burst and water is pouring everywhere for two days now. please come and check.",PLUMBING,kitchen,HIGH
se_window_grill,se_window_grill#0,grill bent,"Sorry to bother you, The bedroom window grill is loose and can be pulled out. I am at home after 5pm.",SECURITY,,MEDIUM
el_burning,el_burning#0,Burning smell from wires,"hello, there is a burning smell coming from the wiring in the sitting room for about a week. please send someone.",ELECTRICAL,sitting room,HIGH
st_damp,st_damp#0,Mould growing,"Hi landlord, The bedroom wall is always damp and black mould is growing for the last few days. Thank you",STRUCTURAL,,MEDIUM
st_paint,st_paint#2,Wall paint peeling off,The bathroom walls look old and the paint is coming off. Please come and check.,STRUCTURAL,bathroom,LOW
el_socket_dead,el_socket_dead#1,Socket not working,"Please help, None of the sockets in the bedroom have power, the rest of the house is fine. Thank you.",ELECTRICAL,bedroom,MEDIUM
ap_gas,ap_gas#0,Gas smell in kitchen,There is a strong smell of gas in the house since this morning. Thank you.,APPLIANCE,house,HIGH
ot_stairs_light,ot_stairs_light#1,Staircase lights off,"Good morning, The corridor lights on our floor are off and people trip on the stairs.",OTHER,stairs,HIGH
el_socket_dead,el_socket_dead#0,Sockets in one room not working,The socket in the bedroom is not working for two weeks. Please send someone.,ELECTRICAL,bedroom,MEDIUM
el_security_light,el_security_light#0,Porch light out,"sorry to bother you, the porch light is not working since this morning, i think the bulb is blown. asante",ELECTRICAL,,LOW
ap_fridge,ap_fridge#1,Fridge not cooling,"Please help, The fridge is running but not cold, food is spoiling. I am at home after 5pm.",APPLIANCE,,HIGH
ot_noise,ot_noise#1,noise complaint,"habari, there is a lot of noise from the compound at night. kindly fix it soon.",OTHER,,LOW
el_sparks,el_sparks#1,Socket sparking,"Hi, There were sparks and a loud pop from the bedroom socket. Thank you.",ELECTRICAL,bedroom,HIGH
pe_cockroach,pe_cockroach#0,Cockroach infestation,"please help, the kitchen is full of cockroaches since monday. please come and check.",PEST,kitchen,MEDIUM
pe_ants,pe_ants#0,Small ants,"Sorry to bother you, There are some small ants in th kitchen, not too many.",PEST,,LOW
st_wall_crack,st_wall_crack#2,Big crack in wall,"Kindly assist, The sitting room wall is cracking and bulging out. Kindly fix it soon.",STRUCTURAL,sitting room,HIGH
st_damp,st_damp#0,Mould growing,"hi, the bedroom wall is always damp and black mould is growing for about a week. asante",STRUCTURAL,,MEDIUM
ot_curtain,ot_curtain#1,Curtain rod loose,"sorry to bother you, the curtain rod in the bedroom is loose on one side. kindly fix it soon",OTHER,,LOW
se_cant_lock,se_cant_lock#3,Front door lock stiff,"Hi, The lock on the main door is spoilt, the house is not secure.",SECURITY,,HIGH
ot_parking,ot_parking#1,Parking line faded,The parking markings have faded and people park anyhow.,OTHER,parking,LOW
ap_doorbell,ap_doorbell#0,Bell not ringing,"hi, th doorbell is not working.",APPLIANCE,front door,LOW
el_switch_broken,el_switch_broken#2,Switch plate cracked,"Good morning, The corridor switch plate is broken, it works fine though.",ELECTRICAL,,LOW
pl_shower_weak,pl_shower_weak#0,weak shower pressure,"Sorry to bother you, The shower water pressure is very low for two weeks, it just trickles. Please come and check.",PLUMBING,bathroom,LOW
se_locked_out,se_locked_out#0,cannot open door,The key broke inside the main door lock and I am locked out,SECURITY,main door,HIGH
el_security_light,el_security_light#0,Porch light out,"Hello, The balcony light is not working since the weekend, I think the bulb is blown",ELECTRICAL,balcony,LOW
ot_curtain,ot_curtain#1,Curtain rod loose,the curtain rod in the bedroom is loose on one side.,OTHER,bedroom,LOW
pe_ants,pe_ants#1,Small ants,"Hi, Ants come in through the kitchen window sometimes. I am at home after 5pm.",PEST,kitchen,LOW
st_door_hinge,st_door_hinge#2,Door not closing,the hinge of the bathroom door is broken for about a week. kindly fix it soon,STRUCTURAL,bathroom,MEDIUM
st_hairline,st_hairline#0,Small crack in plaster,"There is a small hairline crack in the plaster in the sitting room, it has not changed.",STRUCTURAL,sitting room,LOW
st_door_hinge,st_door_hinge#1,door hanging off hinge,"Please help, The bedroom door drags on the floor and will not shut. Thank you.",STRUCTURAL,,MEDIUM
pl_sewage,pl_sewage#2,toilet overflowing with sewage,"Good morning, The toilet is overflowing with waste and it is spreading to the shower floor. Asante.",PLUMBING,shower,HIGH
pl_cistern,pl_cistern#1,Toilet cistern running,"sorry to bother you, the flush handle is broken, we have to pour water to flush.",PLUMBING,,MEDIUM
pl_toilet_only,pl_toilet_only#0,Only toilet blocked,"Hi, Our only toilet is completely blocked and cannot be used since this morning. Please send someone",PLUMBING,toilet,HIGH
ap_heater_spark,ap_heater_spark#2,Geyser smoking,"Kindly assist, The water heater makes a buzzing sound and gives a shock. Please come and check",APPLIANCE,bathroom,HIGH
ap_heater_spark,ap_heater_spark#2,Instant shower sparks,"Please help, The water heater makes a buzzing sound and gives a shock. Kindly fix it soon.",APPLIANCE,shower,HIGH
pl_nowater,pl_nowater#0,No water in the house,"Habari, There has been no water in the whole house for two weeks, all the taps are dry",PLUMBING,,HIGH
ot_garbage,ot_garbage#0,Rubbish piling up,"Habari, Garbage has not been collected for two days now and it is starting to smell.",OTHER,parking,MEDIUM
st_wall_crack,st_wall_crack#1,crack getting wider,"A big crack has opened in th sitting room wall since this morning, you can see light through it. Kindly fix it soon.",STRUCTURAL,,HIGH
st_hairline,st_hairline#0,Hairline crack on wall,"hi, there is a small hairline crack in the plaster in the corridor, it has not changed. thank you.",STRUCTURAL,corridor,LOW
pl_sink_blocked,pl_sink_blocked#1,Sink blocked,"Hi landlord, Water is not going down the bathroom sink, it stays there for hours.",PLUMBING,bathroom,MEDIUM
pl_cistern,pl_cistern#0,Toilet cistern running,the toilet cistern keeps running for two days now and does not stop filling.,PLUMBING,bathroom,MEDIUM
st_door_hinge,st_door_hinge#2,Door hinge broken,"Hi landlord, The hinge of th toilet door is broken since last night. Thank you.",STRUCTURAL,toilet,MEDIUM
el_security_light,el_security_light#0,Porch light out,"good morning, the outside light is not working for about a week, i think the bulb is blown. asante.",ELECTRICAL,outside,LOW
el_security_light,el_security_light#1,Security light bulb blown,The light outside the door has stopped working.,ELECTRICAL,stairs,LOW
se_spyhole,se_spyhole#1,Peephole cracked,"please help, the door viewer fell out of the main door. please send someone",SECURITY,main door,LOW
pl_burst,pl_burst#1,Pipe burst flooding house,"Habari, A water pipe burst in the bathroom and the floor is flooded. I am at home after 5pm.",PLUMBING,,HIGH
pl_toilet_only,pl_toilet_only#2,toilet completely blocked,"Please help, We cannot use the toilet at all, it is fully blocked and there is no other toilet. When can someone come?",PLUMBING,toilet,MEDIUM
se_cant_lock,se_cant_lock#1,Front door lock stiff,"the key does not turn in the front door lock, we cannot lock up when we leave.",SECURITY,main door,HIGH
ot_noise,ot_noise#0,Noisy neighbours,The neighbours play loud music late at night for the last few days.,OTHER,upstairs,LOW
el_switch_broken,el_switch_broken#1,Loose light switch,"Sorry to bother you, The light switch in th sitting room is loose in the wall. When can someone come?",ELECTRICAL,,LOW
pl_cistern,pl_cistern#2,flush not working well,"Hello, Water keeps leaking from the cistern into the toilet bowl all the time. Please come and check.",PLUMBING,bathroom,MEDIUM
st_paint,st_paint#0,Paint peeling,"good morning, the paint on the bedroom walls is peeling off",STRUCTURAL,bedroom,LOW
pl_shower_weak,pl_shower_weak#2,weak shower pressure,"good morning, water pressure in the bathroom shower is weak but it still works. i am at home after 5pm.",PLUMBING,bathroom,LOW
st_damp,st_damp#1,Wall always wet,"hello, there is mould spreading on the kitchen ceiling and the room smells. when can someone come?",STRUCTURAL,kitchen,MEDIUM
pl_sink_blocked,pl_sink_blocked#0,Sink blocked,The laundry area sink is blocked and water drains very slowly. Thank you,PLUMBING,laundry area,MEDIUM
pl_ceiling_leak,pl_ceiling_leak#0,Ceiling leaking near light,Water is dripping from the bathroom ceiling right next to the light fitting. I am at home after 5pm.,PLUMBING,,HIGH
pl_rain_leak,pl_rain_leak#1,Leak when it rains,"good morning, the gutter is broken and rain water pours down the wall into the sitting room. please send someone",PLUMBING,,HIGH
ap_gas,ap_gas#0,gas leak,There is a strong smell of gas in the kitchen for two days now.,APPLIANCE,kitchen,HIGH
ot_parking,ot_parking#1,parking line faded,the parking markings have faded and people park anyhow. please come and check.,OTHER,parking,LOW
st_damp,st_damp#2,Wall always wet,"Kindly assist, Dampness on the bedroom wall is making our clothes smell. Please send someone",STRUCTURAL,bedroom,MEDIUM
st_hairline,st_hairline#0,Hairline crack on wall,"Habari, There is a small hairline crack in the plaster in the bedroom, it has not changed. Thank you.",STRUCTURAL,,LOW
pe_bees,pe_bees#1,Wasp nest at door,"Hello, There is a large wasp nest at the balcony, my child was stung.",PEST,balcony,HIGH
el_sparks,el_sparks#2,Switch sparking,the light switch in the corridor sparks when i switch it on. thank you.,ELECTRICAL,,HIGH
pl_sink_blocked,pl_sink_blocked#0,Sink blocked,"kindly assist, the bathroom sink is blocked and water drains very slowly since monday. please send someone.",PLUMBING,bathroom,MEDIUM
el_switch_broken,el_switch_broken#1,Loose light switch,"please help, the light switch in the sitting room is loose in the wall. please send someone.",ELECTRICAL,sitting room,LOW
ap_doorbell,ap_doorbell#0,Bell not ringing,"hello, the doorbell is not working since yesterday. when can someone come?",APPLIANCE,gate,LOW
st_wall_crack,st_wall_crack#2,Wall cracking badly,"Please help, The bedroom wall is cracking and bulging out. When can someone come?",STRUCTURAL,bedroom,HIGH
el_socket_dead,el_socket_dead#1,Dead socket,"Hello, None of the sockets in the sitting room have power, the rest of the house is fine. Please come and check.",ELECTRICAL,,MEDIUM
el_token,el_token#2,meter not accepting token,"good morning, the meter display is blank and i cannot load tokens. thank you.",ELECTRICAL,meter box,MEDIUM
pe_rats,pe_rats#0,Rats in kitchen,"kindly assist, there are rats in the sitting room since monday, they are eating our food.",PEST,sitting room,MEDIUM
ap_tank,ap_tank#0,tank pump faulty,the water pump is not pumping water to the tank since yesterday.,APPLIANCE,compound,MEDIUM
ap_fridge,ap_fridge#1,Fridge not cooling,"please help, the fridge is running but not cold, food is spoiling. when can someone come?",APPLIANCE,kitchen,MEDIUM
st_damp,st_damp#0,Mould growing,"Habari, The bedroom wall is always damp and black mould is growing. I am at home after 5pm.",STRUCTURAL,bedroom,MEDIUM
pe_bedbugs,pe_bedbugs#1,Bedbugs,"bedbugs have spread in the house, they are in the walls and furniture. please send someone.",PEST,bedroom,MEDIUM
pl_tap_stiff,pl_tap_stiff#0,Tap hard to turn,The kitchen tap handle is stiff and hard to turn but it works. I am at home after 5pm.,PLUMBING,kitchen,LOW
el_shock,el_shock#1,got electric shock,"Hi landlord, My child got a shock from the gate socket. Kindly fix it soon.",ELECTRICAL,gate,HIGH
el_switch_broken,el_switch_broken#0,Loose light switch,"Please help, The cover of the bedroom switch is cracked but the switch still works. Asante.",ELECTRICAL,bedroom,LOW
pl_toilet_only,pl_toilet_only#1,only toilet blocked,"Hello, The toilet is totally blocked, water rises to the top when flushed. It is the only toilet in the house. When can someone come?",PLUMBING,,HIGH
ap_cooker,ap_cooker#0,Oven not heating,"Please help, One of the cooker burners does not light since the weekend.",APPLIANCE,,HIGH
pl_tap_drip,pl_tap_drip#1,Kitchen tap leaking,"Kindly assist, The tap in the bathroom does not close properly and water keeps running. Thank you.",PLUMBING,,MEDIUM
ap_fan,ap_fan#2,extractor fan not working,"habari, the fan in the kitchen wobbles a bit when on. when can someone come?",APPLIANCE,,LOW
se_window_grill,se_window_grill#0,Grill bent,the bedroom window grill is loose and can be pulled out. please come and check.,SECURITY,bedroom,MEDIUM
st_hairline,st_hairline#0,Small crack in plaster,"Sorry to bother you, There is a small hairline crack in the plaster in the bedroom, it has not changed",STRUCTURAL,,MEDIUM
se_gate,se_gate#1,Compound gate faulty,"Please help, The lock on the main gate is broken, anyone can walk in. Thank you.",SECURITY,,MEDIUM
st_ceiling_fall,st_ceiling_fall#2,Ceiling about to fall,"kindly assist, pieces of the ceiling are falling in the sitting room. please come and check.",STRUCTURAL,sitting room,HIGH
st_paint,st_paint#1,Walls need repainting,"please help, paint is flaking off the sitting room ceiling. thank you.",STRUCTURAL,sitting room,LOW
pl_ceiling_leak,pl_ceiling_leak#1,Water leaking from ceiling,"please help, there is water coming through the ceiling in the sitting room and it is near the electric wires. thank you.",PLUMBING,sitting room,HIGH
el_nopower,el_nopower#0,Whole house has no electricity,"Sorry to bother you, The whole house has had no power since yesterday but the neighbours have power. Please come and check.",ELECTRICAL,house,HIGH
st_wall_crack,st_wall_crack#2,Big crack in wall,"habari, the sitting room wall is cracking and bulging out. asante.",STRUCTURAL,sitting room,HIGH
pl_rain_leak,pl_rain_leak#1,roof leak when raining,"habari, the gutter is broken and rain water pours down the wall into the sitting room. asante.",PLUMBING,,MEDIUM
pe_rats,pe_rats#2,mice problem,"hello, mice are coming in through a hole in the sitting room wall. thank you.",PEST,,MEDIUM
st_hairline,st_hairline#1,Small crack in plaster,"Hi landlord, Small crack on the bedroom wall, just cosmetic I think.",STRUCTURAL,bedroom,LOW
el_socket_dead,el_socket_dead#2,socket not working,"Please help, The kitchen socket is dead, I have to use an extension from another room.",ELECTRICAL,kitchen,MEDIUM
st_paint,st_paint#0,Walls need repainting,"Good morning, The paint on the sitting room walls is peeling off. Kindly fix it soon.",STRUCTURAL,,LOW
st_damp,st_damp#1,mould growing,"Please help, There is mould spreading on the kitchen ceiling and the room smells. Asante.",STRUCTURAL,kitchen,MEDIUM
ap_no_hot_water,ap_no_hot_water#1,Water heater not working,"Good morning, There is no hot water in the shower shower. When can someone come?",APPLIANCE,shower,MEDIUM
pl_tap_stiff,pl_tap_stiff#1,Tap handle stiff,"Please help, The tap in the bathroom squeaks when turned, no leak though. Thank you",PLUMBING,bathroom,LOW
pe_cockroach,pe_cockroach#1,Cockroach infestation,Cockroaches are coming from the drain into the bathroom.,PEST,bathroom,MEDIUM
pl_tap_stiff,pl_tap_stiff#0,Tap handle stiff,"Please help, The bathroom tap handle is stiff and hard to turn but it works.",PLUMBING,bathroom,LOW
se_cant_lock,se_cant_lock#1,front door lock stiff,"the key does not turn in the front door lock, we cannot lock up when we leave. when can someone come?",SECURITY,main door,MEDIUM
el_token,el_token#2,Meter not accepting token,The meter display is blank and I cannot load tokens. When can someone come?,ELECTRICAL,,MEDIUM
pl_nowater,pl_nowater#3,no water supply,"Kindly assist, Completely no water in the unit since yesterday. Neighbours have water so it must be our line.",PLUMBING,kitchen,HIGH
ap_gas,ap_gas#1,Cooker leaking gas,"I think the cooker is leaking gas, we can smell it even when it is off. When can someone come?",APPLIANCE,,MEDIUM
el_burning,el_burning#1,Burning smell from wires,"Hi landlord, Smoke came out of the kitchen socket and there is a smell of burning plastic. Kindly fix it soon",ELECTRICAL,kitchen,HIGH
se_gate,se_gate#1,Main gate lock broken,"The lock on the main gate is broken, anyone can walk in. I am at home after 5pm.",SECURITY,compound,HIGH
se_window_grill,se_window_grill#0,Grill bent,"habari, the bedroom window grill is loose and can be pulled out. kindly fix it soon",SECURITY,,MEDIUM
st_paint,st_paint#0,wall paint peeling off,"Please help, The paint on the kitchen walls is peeling off. When can someone come?",STRUCTURAL,kitchen,LOW
se_door_handle,se_door_handle#1,Bedroom lock not working,"hi landlord, the lock on the bathroom door does not work but the main door locks fine. please come and check.",SECURITY,bathroom,LOW
st_door_hinge,st_door_hinge#1,Door hanging off hinge,"Please help, The bathroom door drags on the floor and will not shut. Asante.",STRUCTURAL,bathroom,MEDIUM
ot_noise,ot_noise#1,Noise complaint,"Hi, There is a lot of noise from th next door at night. Asante",OTHER,next door,MEDIUM
st_broken_glass,st_broken_glass#2,Broken window glass,the bedroom window glass is broken and the wind blows in.,STRUCTURAL,,MEDIUM
el_light_flicker,el_light_flicker#1,Lights flickering,"Hi landlord, All the lights in the bedroom flicker in the evening. Kindly fix it soon.",ELECTRICAL,bedroom,MEDIUM
st_ceiling_fall,st_ceiling_fall#0,part of ceiling collapsed,"Sorry to bother you, Part of the kitchen ceiling has collapsed for two weeks. Asante.",STRUCTURAL,kitchen,HIGH
st_window_wont_close,st_window_wont_close#1,Window won't close,the latch on th bathroom window is broken so it cannot close properly. thank you.,STRUCTURAL,bathroom,MEDIUM
st_railing,st_railing#1,Balcony railing loose,"good morning, the stairs railing broke off since last night, it is dangerous for children.",STRUCTURAL,stairs,HIGH
ap_heater_spark,ap_heater_spark#1,geyser smoking,"Please help, Smoke is coming out of the water heater in the shower. When can someone come?",APPLIANCE,,HIGH
ap_fan,ap_fan#1,ceiling fan noisy,"Habari, The sitting room extractor fan has stopped working. Thank you.",APPLIANCE,sitting room,LOW
el_switch_broken,el_switch_broken#0,Switch cover broken,The cover of the bedroom switch is cracked but the switch still works. Thank you.,ELECTRICAL,,LOW
ap_gas,ap_gas#1,Gas smell in kitchen,"I think the cooker is leaking gas, we can smell it even when it is off. Asante.",APPLIANCE,,HIGH
ap_gas,ap_gas#0,Gas leak,"Good morning, There is a strong smell of gas in the kitchen since yesterday. When can someone come?",APPLIANCE,kitchen,HIGH
el_burning,el_burning#2,Smell of burning plastic,"Kindly assist, The extension socket in the bedroom melted and there is a burning smell. Kindly fix it soon.",ELECTRICAL,,MEDIUM
ot_curtain,ot_curtain#0,curtain rod loose,"sorry to bother you, the curtain rail in the bedroom fell down. thank you.",OTHER,,LOW
ot_parking,ot_parking#1,Parking space taken,"please help, the parking markings have faded and people park anyhow. kindly fix it soon.",OTHER,parking,LOW
se_gate,se_gate#2,gate not closing,"Habari, The gate hinge is broken and the gate is dragging. I am at home after 5pm.",SECURITY,compound,LOW
pl_shower_weak,pl_shower_weak#1,low water pressure in shower,"The shower head seems blocked, water comes out in a few thin streams. I am at home after 5pm.",PLUMBING,shower,LOW
ot_curtain,ot_curtain#0,curtain rod loose,"Hi landlord, The curtain rail in the bedroom fell down. Kindly fix it soon.",OTHER,,LOW
st_wardrobe,st_wardrobe#0,Cabinet hinge loose,"Habari, The bedroom wardrobe door hinge is loose and the door does not close well. Thank you.",STRUCTURAL,,LOW
el_sparks,el_sparks#2,Socket sparking,"Hi landlord, The light switch in the bedroom sparks when I switch it on. I am at home after 5pm.",ELECTRICAL,bedroom,HIGH
pl_shower_weak,pl_shower_weak#2,weak shower pressure,"Hi landlord, Water pressure in the shower shower is weak but it still works.",PLUMBING,,LOW
pl_nowater,pl_nowater#2,No water at all,"habari, none of th taps are working, no water at all. the tank seems empty. please send someone",PLUMBING,,HIGH
ot_flood_compound,ot_flood_compound#1,flooding,"kindly assist, heavy rain has flooded the parking and water is coming into the house. i am at home after 5pm.",OTHER,,HIGH
el_sparks,el_sparks#3,switch sparking,"Please help, Sparks come out of the sitting room socket and it is black around it. Asante.",ELECTRICAL,sitting room,HIGH
pl_sewage,pl_sewage#0,Toilet overflowing with sewage,"Hi, Sewage is coming up through the kitchen drain and the smell is unbearable since the weekend. Please send someone",PLUMBING,kitchen,HIGH
pl_shower_weak,pl_shower_weak#1,Low water pressure in shower,"Please help, The shower head seems blocked, water comes out in a few thin streams. Thank you.",PLUMBING,,LOW
el_burning,el_burning#1,Smell of burning plastic,"Kindly assist, Smoke came out of the meter box socket and there is a smell of burning plastic. When can someone come?",ELECTRICAL,meter box,HIGH
ap_fridge,ap_fridge#0,fridge not cooling,"sorry to bother you, the fridge provided in the furnished unit stopped cooling.",APPLIANCE,kitchen,MEDIUM
st_window_wont_close,st_window_wont_close#1,Window won't close,The latch on the bedroom window is broken so it cannot close properly. Thank you.,STRUCTURAL,bedroom,MEDIUM
st_wardrobe,st_wardrobe#2,wardrobe door loose,"Hello, The bedroom cupboard handle came off.",STRUCTURAL,bedroom,MEDIUM
el_nopower,el_nopower#1,Whole house has no electricity,"All the lights and sockets stopped working, no electricity in the unit at all. Please send someone.",ELECTRICAL,unit,HIGH
ap_no_hot_water,ap_no_hot_water#1,Water heater not working,"Sorry to bother you, There is no hot water in the shower shower. When can someone come?",APPLIANCE,,MEDIUM
st_door_hinge,st_door_hinge#1,door hanging off hinge,"Kindly assist, The bathroom door drags on the floor and will not shut. Please come and check.",STRUCTURAL,bathroom,MEDIUM
st_broken_glass,st_broken_glass#2,Broken window glass,"Please help, The bedroom window glass is broken and the wind blows in. Kindly fix it soon.",STRUCTURAL,bedroom,MEDIUM
el_sparks,el_sparks#1,Socket sparking,"Please help, There were sparks and a loud pop from th kitchen socket. Thank you",ELECTRICAL,kitchen,HIGH
el_sparks,el_sparks#3,socket sparks when plugging in,"Hi landlord, Sparks come out of the sitting room socket and it is black around it. Thank you",ELECTRICAL,,HIGH
ap_fan,ap_fan#2,Fan making noise,"Please help, The fan in the bedroom wobbles a bit when on. Thank you.",APPLIANCE,,LOW
ap_heater_spark,ap_heater_spark#0,Water heater sparking,"Hi, The instant shower heater sparks when switched on.",APPLIANCE,bathroom,HIGH
se_window_grill,se_window_grill#1,Grill bent,"Hello, One bar of the bedroom grill is bent and loose. I am at home after 5pm.",SECURITY,bedroom,MEDIUM
pl_burst,pl_burst#0,Burst pipe,"Hello, The pipe under the corridor sink has burst and water is pouring everywhere for two days now. I am at home after 5pm",PLUMBING,corridor,HIGH
ot_parking,ot_parking#1,Parking line faded,"Hi landlord, The parking markings have faded and people park anyhow. Please come and check.",OTHER,parking,LOW
pe_bedbugs,pe_bedbugs#0,bedbugs,"we have bedbugs in the sitting room since the weekend, we are getting bitten every night. i am at home after 5pm.",PEST,sitting room,MEDIUM
ap_tank,ap_tank#2,Water pump not working,"Hello, The pump keeps switching on and off. Thank you.",APPLIANCE,compound,MEDIUM
pl_toilet_only,pl_toilet_only#1,Cannot use toilet,"hi, the toilet is totally blocked, water rises to the top when flushed. it is the only toilet in the house. thank you",PLUMBING,bathroom,HIGH
se_door_handle,se_door_handle#0,Bedroom lock not working,"The bathroom door handle is loose, the door still locks. Asante.",SECURITY,bathroom,LOW
pl_cistern,pl_cistern#2,Flush not working well,Water keeps leaking from the cistern into the toilet bowl all the time. Please come and check.,PLUMBING,,MEDIUM
ap_gas,ap_gas#1,gas leak,"I think the cooker is leaking gas, we can smell it even when it is off.",APPLIANCE,kitchen,HIGH
ot_stairs_light,ot_stairs_light#0,Stairs dark at night,"The staircase lights are not working since last night, it is very dark at night. Asante.",OTHER,stairs,MEDIUM
se_spyhole,se_spyhole#1,Peephole cracked,"sorry to bother you, the door viewer fell out of the main door. i am at home after 5pm.",SECURITY,main door,LOW
el_burning,el_burning#1,Burning smell from wires,Smoke came out of the bedroom socket and there is a smell of burning plastic. When can someone come?,ELECTRICAL,,HIGH
pl_toilet_only,pl_toilet_only#2,Toilet completely blocked,"sorry to bother you, we cannot use the toilet at all, it is fully blocked and there is no other toilet. please come and check",PLUMBING,,HIGH
st_broken_glass,st_broken_glass#0,Broken window glass,"Please help, The glass in the kitchen window cracked. Thank you",STRUCTURAL,kitchen,MEDIUM
st_railing,st_railing#1,Stair railing broken,"sorry to bother you, the stairs railing broke off, it is dangerous for children",STRUCTURAL,stairs,HIGH
pl_tap_stiff,pl_tap_stiff#1,Tap handle stiff,"The tap in the outside squeaks when turned, no leak though. Thank you",PLUMBING,outside,MEDIUM
el_token,el_token#2,Prepaid meter error,The meter display is blank and I cannot load tokens.,ELECTRICAL,,HIGH
pl_sewage,pl_sewage#3,Sewage coming out,"hi, the main drain is blocked and sewage is backing up into the shower. i am at home after 5pm.",PLUMBING,shower,HIGH
pl_sink_blocked,pl_sink_blocked#1,sink blocked,"Please help, Water is not going down the bathroom sink, it stays there for hours. Thank you",PLUMBING,,MEDIUM
ot_garbage,ot_garbage#1,rubbish piling up,The rubbish pile near the parking is very big and attracting flies. I am at home after 5pm.,OTHER,parking,MEDIUM
pl_rain_leak,pl_rain_leak#2,Leak when it rains,"There is a small leak in the kitchen whenever it rains, we put a bucket. I am at home after 5pm.",PLUMBING,kitchen,MEDIUM
pl_tap_stiff,pl_tap_stiff#0,Tap hard to turn,"Good morning, The kitchen tap handle is stiff and hard to turn but it works. Please send someone.",PLUMBING,kitchen,LOW
pl_ceiling_leak,pl_ceiling_leak#2,ceiling leaking near light,"please help, water is leaking from the ceiling for two days now and the ceiling board is sagging. kindly fix it soon.",PLUMBING,,HIGH
el_sparks,el_sparks#3,Socket sparking,"Habari, Sparks come out of the kitchen socket and it is black around it. I am at home after 5pm.",ELECTRICAL,kitchen,HIGH
pe_ants,pe_ants#0,Few ants,"kindly assist, there are some small ants in the bedroom, not too many.",PEST,bedroom,LOW
el_light_flicker,el_light_flicker#1,Lights dim and flicker,"habari, all the lights in the kitchen flicker in the evening.",ELECTRICAL,,MEDIUM
st_hairline,st_hairline#1,Hairline crack on wall,"Good morning, Small crack on the bedroom wall, just cosmetic I think. When can someone come?",STRUCTURAL,bedroom,LOW
ot_fire,ot_fire#1,small fire,"Good morning, Fire started near the meter box and the area is damaged, we need it checked urgently. Kindly fix it soon.",OTHER,meter box,HIGH
st_window_wont_close,st_window_wont_close#1,window latch broken,"Sorry to bother you, The latch on the bathroom window is broken so it cannot close properly. Kindly fix it soon.",STRUCTURAL,bathroom,MEDIUM
pe_bedbugs,pe_bedbugs#1,bedbug infestation,"habari, bedbugs have spread in the house, they are in the walls and furniture.",PEST,bedroom,MEDIUM
ap_fan,ap_fan#1,Fan making noise,"Hello, The sitting room extractor fan has stopped working. When can someone come?",APPLIANCE,,LOW
ap_fridge,ap_fridge#1,Fridge not cooling,"Kindly assist, The fridge is running but not cold, food is spoiling",APPLIANCE,kitchen,MEDIUM
el_token,el_token#2,Prepaid meter error,"habari, the meter display is blank and i cannot load tokens. thank you",ELECTRICAL,house,MEDIUM
ap_gas,ap_gas#2,gas leak,"Habari, Gas is leaking from th pipe to the cooker in the house. Kindly fix it soon.",APPLIANCE,house,HIGH
pe_bedbugs,pe_bedbugs#0,Bedbugs,"Habari, We have bedbugs in the bedroom since this morning, we are getting bitten every night. Please come and check.",PEST,bedroom,MEDIUM
el_switch_broken,el_switch_broken#1,Loose light switch,"please help, the light switch in the bedroom is loose in the wall.",ELECTRICAL,,LOW
st_ceiling_fall,st_ceiling_fall#1,Ceiling board falling,"Good morning, The sitting room ceiling board is hanging and looks like it will fall on someone.",STRUCTURAL,sitting room,HIGH
ot_fire,ot_fire#1,Fire damage,"Hello, Fire started near the meter box and the area is damaged, we need it checked urgently. I am at home after 5pm",OTHER,,HIGH
ap_fridge,ap_fridge#0,Fridge not cooling,"Hi landlord, The fridge provided in the furnished unit stopped cooling. Please send someone",APPLIANCE,kitchen,MEDIUM
pl_tap_stiff,pl_tap_stiff#1,tap hard to turn,"Kindly assist, The tap in the kitchen squeaks when turned, no leak though.",PLUMBING,kitchen,LOW
st_ceiling_fall,st_ceiling_fall#1,Part of ceiling collapsed,"good morning, the kitchen ceiling board is hanging and looks like it will fall on someone. please send someone",STRUCTURAL,,HIGH
st_railing,st_railing#1,Stair railing broken,"The balcony railing broke off for about a week, it is dangerous for children. Thank you",STRUCTURAL,balcony,HIGH
st_railing,st_railing#1,stair railing broken,"Hi landlord, The staircase railing broke off since Monday, it is dangerous for children.",STRUCTURAL,staircase,HIGH
pl_sink_blocked,pl_sink_blocked#1,Blocked sink,"Hi, Water is not going down the kitchen sink, it stays there for hours. Please come and check",PLUMBING,kitchen,MEDIUM
ap_tank,ap_tank#1,tank pump faulty,The booster pump makes noise but no water comes to the upper floors.,APPLIANCE,roof,MEDIUM
ap_gas,ap_gas#1,Cooker leaking gas,"Kindly assist, I think the cooker is leaking gas, we can smell it even when it is off.",APPLIANCE,,HIGH
st_railing,st_railing#1,Balcony railing loose,"Hi, The stairs railing broke off since last night, it is dangerous for children",STRUCTURAL,stairs,HIGH
ap_fan,ap_fan#0,Extractor fan not working,"Hi landlord, The ceiling fan in the sitting room makes a rattling noise. When can someone come?",APPLIANCE,sitting room,LOW
pe_cockroach,pe_cockroach#0,Cockroach infestation,"Habari, The bathroom is full of cockroaches.",PEST,bathroom,MEDIUM
pe_cockroach,pe_cockroach#1,Cockroaches everywhere,"Hello, Cockroaches are coming from the drain into the store. I am at home after 5pm.",PEST,store,MEDIUM
pl_cistern,pl_cistern#0,Toilet cistern running,The toilet cistern keeps running and does not stop filling. Please send someone.,PLUMBING,bathroom,MEDIUM
pl_sink_blocked,pl_sink_blocked#2,Slow drain,the kitchen drain is clogged and smells bad. thank you.,PLUMBING,kitchen,MEDIUM
st_hairline,st_hairline#1,Small crack in plaster,"Kindly assist, Small crack on the bedroom wall, just cosmetic I think. When can someone come?",STRUCTURAL,bedroom,LOW
ap_heater_spark,ap_heater_spark#1,Instant shower sparks,"good morning, smoke is coming out of the water heater in the shower",APPLIANCE,shower,HIGH
st_wall_crack,st_wall_crack#2,crack getting wider,the bedroom wall is cracking and bulging out. please come and check.,STRUCTURAL,,HIGH
el_light_flicker,el_light_flicker#1,Light keeps flickering,All the lights in the corridor flicker in the evening. I am at home after 5pm.,ELECTRICAL,corridor,MEDIUM
ap_fan,ap_fan#1,Ceiling fan noisy,The sitting room extractor fan has stopped working.,APPLIANCE,sitting room,LOW
el_nopower,el_nopower#2,No electricity,"Good morning, The breaker keeps tripping and now there is no power in th whole house.",ELECTRICAL,unit,MEDIUM
pe_bees,pe_bees#1,Bees in the roof,"sorry to bother you, there is a large wasp nest at the kitchen, my child was stung.",PEST,kitchen,HIGH
ot_noise,ot_noise#1,Noise complaint,"Habari, There is a lot of noise from the upstairs at night. When can someone come?",OTHER,upstairs,LOW
ap_fridge,ap_fridge#1,fridge not cooling,"The fridge is running but not cold, food is spoiling.",APPLIANCE,kitchen,MEDIUM
pl_tap_drip,pl_tap_drip#2,tap won't close,"Hi landlord, There is a constant leak from the outside tap, it is wasting water.",PLUMBING,outside,MEDIUM
st_window_wont_close,st_window_wont_close#2,Window stuck,The bedroom window is stuck open.,STRUCTURAL,bedroom,MEDIUM
st_wall_crack,st_wall_crack#2,Wall cracking badly,"good morning, the kitchen wall is cracking and bulging out. kindly fix it soon.",STRUCTURAL,kitchen,HIGH
st_hairline,st_hairline#1,Hairline crack on wall,"Habari, Small crack on th corridor wall, just cosmetic I think.",STRUCTURAL,,LOW
se_window_grill,se_window_grill#0,Grill bent,"Hi, The sitting room window grill is loose and can be pulled out. I am at home after 5pm.",SECURITY,sitting room,MEDIUM
se_breakin,se_breakin#1,break-in last night,"Sorry to bother you, Someone cut the bedroom window grill and broke in, we need it fixed urgently. Kindly fix it soon",SECURITY,,HIGH
el_nopower,el_nopower#2,No electricity,The breaker keeps tripping and now there is no power in the whole house. Please send someone.,ELECTRICAL,house,MEDIUM
ap_no_hot_water,ap_no_hot_water#0,water heater not working,"Hi, The water heater is not heating since Monday, only cold water. Thank you.",APPLIANCE,,MEDIUM
ap_heater_spark,ap_heater_spark#2,Water heater sparking,"Hi landlord, The water heater makes a buzzing sound and gives a shock. Thank you.",APPLIANCE,shower,HIGH
pe_ants,pe_ants#0,Small ants,"there are some small ants in the bedroom, not too many.",PEST,,LOW
pl_rain_leak,pl_rain_leak#0,Leak when it rains,When it rains water leaks into the bedroom through the roof. Asante.,PLUMBING,bedroom,MEDIUM
pl_sewage,pl_sewage#0,drain backing up,"Please help, Sewage is coming up through the bathroom drain and the smell is unbearable since last night. Asante.",PLUMBING,,HIGH
pl_tap_drip,pl_tap_drip#1,Kitchen tap leaking,The tap in the bathroom does not close properly and water keeps running.,PLUMBING,bathroom,MEDIUM
se_window_grill,se_window_grill#1,Grill bent,"Sorry to bother you, One bar of the sitting room grill is bent and loose. I am at home after 5pm.",SECURITY,,MEDIUM
st_broken_glass,st_broken_glass#1,Window pane cracked,"A window pane in the sitting room is broken, there are sharp edges.",STRUCTURAL,,MEDIUM
ap_cooker,ap_cooker#1,cooker plate dead,"kindly assist, the oven provided with the house is not heating. i am at home after 5pm.",APPLIANCE,kitchen,MEDIUM
st_wall_crack,st_wall_crack#1,Wall cracking badly,"please help, a big crack has opened in the kitchen wall, you can see light through it. please send someone",STRUCTURAL,kitchen,HIGH
el_burning,el_burning#2,Smoke from socket,The extension socket in the kitchen melted and there is a burning smell.,ELECTRICAL,kitchen,HIGH
st_wall_crack,st_wall_crack#1,big crack in wall,"a big crack has opened in the kitchen wall, you can see light through it",STRUCTURAL,kitchen,HIGH
el_shock,el_shock#2,Electric shock from wall,"Please help, There is current on the metal fridge socket door, it shocks when touched. When can someone come?",ELECTRICAL,fridge socket,HIGH
pl_tap_drip,pl_tap_drip#1,Kitchen tap leaking,the tap in th sink does not close properly and water keeps running. i am at home after 5pm.,PLUMBING,,MEDIUM
pl_nowater,pl_nowater#2,no water supply,"hello, none of the taps are working, no water at all. the tank seems empty.",PLUMBING,,HIGH
se_cant_lock,se_cant_lock#2,Cannot lock the house,"Kindly assist, The front door lock is very stiff and sometimes does not lock at all.",SECURITY,front door,MEDIUM
el_sparks,el_sparks#1,socket sparking,"kindly assist, there were sparks and a loud pop from the corridor socket since yesterday. please come and check",ELECTRICAL,corridor,HIGH
ap_gas,ap_gas#1,Gas leak,"Kindly assist, I think the cooker is leaking gas, we can smell it even when it is off.",APPLIANCE,house,HIGH
ot_noise,ot_noise#1,noisy neighbours,there is a lot of noise from the upstairs at night.,OTHER,upstairs,LOW
se_locked_out,se_locked_out#0,key broke in lock,"good morning, the key broke inside the main door lock and i am locked out. please send someone",SECURITY,main door,HIGH
st_railing,st_railing#0,Railing shaking,"Hi, The stairs railing is very loose and could give way if someone leans on it. I am at home after 5pm.",STRUCTURAL,stairs,HIGH
ot_flood_compound,ot_flood_compound#0,Flooding,"Hello, The compound is flooded for two days now and water is entering the ground floor houses. Kindly fix it soon.",OTHER,,HIGH
el_nopower,el_nopower#1,whole house has no electricity,"All the lights and sockets stopped working, no electricity in the unit at all. I am at home after 5pm.",ELECTRICAL,unit,HIGH
pe_rats,pe_rats#2,Rats in the house,"Hi, Mice are coming in through a hole in the ceiling wall. Asante.",PEST,ceiling,MEDIUM
pe_bedbugs,pe_bedbugs#0,Bedbug infestation,"Sorry to bother you, We have bedbugs in the bedroom since Monday, we are getting bitten every night. Please send someone.",PEST,bedroom,MEDIUM
el_socket_dead,el_socket_dead#1,socket not working,"Good morning, None of the sockets in the kitchen have power, the rest of the house is fine. Please come and check.",ELECTRICAL,kitchen,MEDIUM
pl_tap_stiff,pl_tap_stiff#0,Tap hard to turn,"Hello, The kitchen tap handle is stiff and hard to turn but it works.",PLUMBING,kitchen,LOW
ot_parking,ot_parking#0,parking line faded,Someone keeps parking in my space.,OTHER,,LOW
pl_cistern,pl_cistern#0,Toilet cistern running,"sorry to bother you, the toilet cistern keeps running and does not stop filling. kindly fix it soon.",PLUMBING,bathroom,MEDIUM
pl_tap_drip,pl_tap_drip#1,Kitchen tap leaking,"hi, the tap in the outside does not close properly and water keeps running.",PLUMBING,outside,MEDIUM
ap_fridge,ap_fridge#0,Fridge not cooling,the fridge provided in the furnished unit stopped cooling since the weekend. please come and check.,APPLIANCE,kitchen,MEDIUM
st_wardrobe,st_wardrobe#0,Cabinet hinge loose,"Hello, The kitchen wardrobe door hinge is loose and th door does not close well. Please send someone.",STRUCTURAL,kitchen,LOW
st_paint,st_paint#0,Wall paint peeling off,The paint on the bathroom walls is peeling off.,STRUCTURAL,bathroom,LOW
pl_rain_leak,pl_rain_leak#0,Leak when it rains,When it rains water leaks into the kitchen through the roof. Kindly fix it soon.,PLUMBING,,MEDIUM
el_shock,el_shock#0,Shock from tap,"Hello, I got an electric shock when I touched th window grill. Kindly fix it soon.",ELECTRICAL,window grill,HIGH
se_door_handle,se_door_handle#1,bedroom lock not working,"Please help, The lock on the bedroom door does not work but the main door locks fine. Please come and check.",SECURITY,,LOW
ot_garbage,ot_garbage#1,Rubbish piling up,"Kindly assist, The rubbish pile near th gate is very big and attracting flies.",OTHER,,MEDIUM
el_security_light,el_security_light#0,Security light bulb blown,"The outside light is not working for the last few days, I think the bulb is blown. Kindly fix it soon",ELECTRICAL,,LOW
ap_cooker,ap_cooker#0,cooker plate dead,"Hi, One of the cooker burners does not light. Thank you.",APPLIANCE,,MEDIUM
se_cant_lock,se_cant_lock#3,Main door won't lock,"kindly assist, the lock on the main door is spoilt, the house is not secure. when can someone come?",SECURITY,main door,HIGH
ap_heater_spark,ap_heater_spark#1,Geyser smoking,"please help, smoke is coming out of the water heater in the shower. i am at home after 5pm.",APPLIANCE,,HIGH
ap_doorbell,ap_doorbell#1,doorbell not working,"sorry to bother you, the doorbell stopped ringing, visitors have to knock. when can someone come?",APPLIANCE,gate,LOW
pl_ceiling_leak,pl_ceiling_leak#0,Water leaking from ceiling,"Hi, Water is dripping from the bathroom ceiling right next to the light fitting.",PLUMBING,bathroom,HIGH
se_gate,se_gate#1,Gate not closing,"please help, the lock on the main gate is broken, anyone can walk in. i am at home after 5pm.",SECURITY,gate,MEDIUM
st_ceiling_fall,st_ceiling_fall#2,Ceiling board falling,"Sorry to bother you, Pieces of the ceiling are falling in the bedroom",STRUCTURAL,bedroom,HIGH
el_token,el_token#2,prepaid meter error,the meter display is blank and i cannot load tokens. please come and check.,ELECTRICAL,house,MEDIUM
pl_rain_leak,pl_rain_leak#0,Roof leak when raining,When it rains water leaks into the kitchen through the roof. Please come and check.,PLUMBING,kitchen,MEDIUM
st_floor_tiles,st_floor_tiles#2,Floor tile loose,"Hi landlord, The corridor floor tiles are lifting slightly at the edges. I am at home after 5pm.",STRUCTURAL,,MEDIUM
pe_ants,pe_ants#0,ants in kitchen,"There are some small ants in the bedroom, not too many. Thank you",PEST,bedroom,LOW
ap_cooker,ap_cooker#1,Oven not heating,"Hi landlord, The oven provided with the house is not heating.",APPLIANCE,,MEDIUM
pl_burst,pl_burst#3,Water pipe has burst,"Hi, The pipe connecting to the tank burst, water is flooding into the toilet and going under the doors. Asante",PLUMBING,,HIGH
st_broken_glass,st_broken_glass#2,broken window glass,"Hello, The sitting room window glass is broken and the wind blows in",STRUCTURAL,,MEDIUM
pl_rain_leak,pl_rain_leak#1,gutter leaking,the gutter is broken and rain water pours down the wall into the sitting room. thank you.,PLUMBING,sitting room,MEDIUM
st_wardrobe,st_wardrobe#2,Wardrobe door loose,"Kindly assist, The bedroom cupboard handle came off. Thank you.",STRUCTURAL,,LOW
el_shock,el_shock#1,Got electric shock,"Good morning, My child got a shock from the gate socket. Asante.",ELECTRICAL,gate,HIGH
el_light_flicker,el_light_flicker#0,Light keeps flickering,"please help, the kitchen lights keep flickering since this morning. thank you.",ELECTRICAL,,MEDIUM
pe_bedbugs,pe_bedbugs#0,Bedbugs,"Good morning, We have bedbugs in the bedroom since the weekend, we are getting bitten every night",PEST,bedroom,MEDIUM
st_floor_tiles,st_floor_tiles#2,Cracked floor tile,The corridor floor tiles are lifting slightly at the edges. Please come and check,STRUCTURAL,corridor,LOW
ot_garbage,ot_garbage#1,Rubbish piling up,"Sorry to bother you, The rubbish pile near the compound is very big and attracting flies. When can someone come?",OTHER,compound,MEDIUM
pe_rats,pe_rats#0,Rats in kitchen,"there are rats in th kitchen, they are eating our food.",PEST,kitchen,MEDIUM
el_security_light,el_security_light#0,porch light out,"the balcony light is not working since the weekend, i think the bulb is blown. thank you.",ELECTRICAL,,LOW
pl_rain_leak,pl_rain_leak#2,gutter leaking,"Sorry to bother you, There is a small leak in the sitting room whenever it rains, we put a bucket.",PLUMBING,sitting room,MEDIUM
el_socket_dead,el_socket_dead#2,socket not working,"The kitchen socket is dead, I have to use an extension from another room. Thank you.",ELECTRICAL,kitchen,MEDIUM
ot_fire,ot_fire#1,Small fire,"hi, fire started near th meter box and the area is damaged, we need it checked urgently.",OTHER,meter box,HIGH
st_floor_tiles,st_floor_tiles#0,floor tile loose,"Sorry to bother you, One floor tile in the corridor is loose and moves when you step on it. Kindly fix it soon",STRUCTURAL,corridor,LOW
pe_mosquito,pe_mosquito#1,Mosquito net torn,"please help, there is a hole in the bedroom window net, mosquitoes come in. please send someone.",PEST,bedroom,LOW
ap_no_hot_water,ap_no_hot_water#0,Water heater not working,"The water heater is not heating since the weekend, only cold water. Asante.",APPLIANCE,,MEDIUM
el_exposed,el_exposed#2,Wires hanging out,"Please help, Electric wires are exposed near the corridor where we pass every day",ELECTRICAL,,HIGH
pe_rats,pe_rats#1,Mice problem,"Hello, We keep seeing rats at night in the ceiling. I am at home after 5pm.",PEST,,MEDIUM
ot_noise,ot_noise#0,Noisy neighbours,"Please help, The neighbours play loud music late at night since last night. Kindly fix it soon.",OTHER,compound,MEDIUM
st_floor_tiles,st_floor_tiles#2,cracked floor tile,"Habari, The bathroom floor tiles are lifting slightly at the edges. When can someone come?",STRUCTURAL,bathroom,LOW
st_wardrobe,st_wardrobe#1,Kitchen cabinet door falling,One of the kitchen cabinet doors is hanging loose. I am at home after 5pm.,STRUCTURAL,bedroom,LOW
se_locked_out,se_locked_out#1,locked out,I am locked out because the front door lock jammed for two days now. Asante,SECURITY,,HIGH
ot_stairs_light,ot_stairs_light#1,Stairs dark at night,"Kindly assist, The corridor lights on our floor are off and people trip on the stairs.",OTHER,,MEDIUM
el_shock,el_shock#2,Electric shock from wall,"Hi, There is current on the metal shower door, it shocks when touched. I am at home after 5pm",ELECTRICAL,shower,HIGH
pl_tap_stiff,pl_tap_stiff#0,Tap handle stiff,"hi, the outside tap handle is stiff and hard to turn but it works. please come and check",PLUMBING,outside,LOW
ap_tank,ap_tank#0,Booster pump problem,"Good morning, The water pump is not pumping water to the tank for the last few days. I am at home after 5pm",APPLIANCE,roof,MEDIUM
st_hairline,st_hairline#1,Small crack in plaster,"Hi landlord, Small crack on the corridor wall, just cosmetic I think. Kindly fix it soon.",STRUCTURAL,corridor,LOW
se_locked_out,se_locked_out#0,Key broke in lock,"Habari, The key broke inside the main door lock and I am locked out.",SECURITY,main door,HIGH
ot_garbage,ot_garbage#1,garbage not collected,"sorry to bother you, the rubbish pile near the gate is very big and attracting flies.",OTHER,gate,MEDIUM
se_spyhole,se_spyhole#1,Peephole cracked,The door viewer fell out of the front door. When can someone come?,SECURITY,front door,LOW
ap_heater_spark,ap_heater_spark#2,water heater sparking,The water heater makes a buzzing sound and gives a shock. When can someone come?,APPLIANCE,,HIGH
st_door_hinge,st_door_hinge#2,Door not closing,"Hi landlord, The hinge of the bedroom door is broken since the weekend",STRUCTURAL,bedroom,LOW
el_shock,el_shock#1,got electric shock,My child got a shock from the window grill socket.,ELECTRICAL,window grill,HIGH
ap_tank,ap_tank#0,Booster pump problem,"sorry to bother you, the water pump is not pumping water to the tank. kindly fix it soon.",APPLIANCE,,MEDIUM
pl_tap_stiff,pl_tap_stiff#1,Tap handle stiff,"Habari, The tap in the kitchen squeaks when turned, no leak though. Asante",PLUMBING,kitchen,LOW
pe_bedbugs,pe_bedbugs#0,Bedbug infestation,"hi, we have bedbugs in the sitting room for two days now, we are getting bitten every night.",PEST,,MEDIUM
st_floor_tiles,st_floor_tiles#0,tiles lifting,One floor tile in the kitchen is loose and moves when you step on it.,STRUCTURAL,,LOW
el_nopower,el_nopower#2,Whole house has no electricity,"Good morning, The breaker keeps tripping and now there is no power in the whole house. Please come and check.",ELECTRICAL,unit,HIGH
el_light_flicker,el_light_flicker#1,Lights dim and flicker,"Please help, All the lights in the sitting room flicker in the evening.",ELECTRICAL,sitting room,MEDIUM
ot_garbage,ot_garbage#0,Garbage not collected,Garbage has not been collected for about a week and it is starting to smell. Kindly fix it soon.,OTHER,gate,MEDIUM
pl_rain_leak,pl_rain_leak#2,Leak when it rains,"Kindly assist, There is a small leak in the corridor whenever it rains, we put a bucket.",PLUMBING,corridor,MEDIUM
ap_tank,ap_tank#1,Water pump not working,"Good morning, The booster pump makes noise but no water comes to the upper floors",APPLIANCE,,MEDIUM
pe_bees,pe_bees#1,Bees in the roof,"Kindly assist, There is a large wasp nest at the front door, my child was stung.",PEST,front door,HIGH
pl_burst,pl_burst#1,Pipe burst,A water pipe burst in the corridor and the floor is flooded. Thank you,PLUMBING,,HIGH
pl_tap_stiff,pl_tap_stiff#1,tap handle stiff,"The tap in the bathroom squeaks when turned, no leak though. I am at home after 5pm.",PLUMBING,bathroom,LOW
el_shock,el_shock#1,Got electric shock,My child got a shock from the window grill socket. I am at home after 5pm.,ELECTRICAL,,HIGH
el_switch_broken,el_switch_broken#2,switch cover broken,"The corridor switch plate is broken, it works fine though. When can someone come?",ELECTRICAL,corridor,LOW
ap_cooker,ap_cooker#0,Oven not heating,"Hi, One of th cooker burners does not light for the last few days. Thank you.",APPLIANCE,kitchen,MEDIUM
se_door_handle,se_door_handle#0,Bedroom lock not working,"Hi landlord, The bathroom door handle is loose, the door still locks. When can someone come?",SECURITY,,LOW
pe_bees,pe_bees#2,Swarm of bees,"good morning, bees are coming into the house from the ceiling since yesterday. kindly fix it soon.",PEST,,HIGH
st_railing,st_railing#0,Railing shaking,The stairs railing is very loose and could give way if someone leans on it. Kindly fix it soon.,STRUCTURAL,stairs,HIGH
ap_no_hot_water,ap_no_hot_water#2,shower heater not heating,The instant shower does not heat th water any more.,APPLIANCE,kitchen,MEDIUM
ot_fire,ot_fire#0,Small fire,"Habari, There was a small fire in th meter box for about a week, it is out now but the wall is burnt and wires are damaged. Kindly fix it soon",OTHER,meter box,HIGH
pe_mosquito,pe_mosquito#1,mosquito net torn,"Sorry to bother you, There is a hole in the kitchen window net, mosquitoes come in. Asante.",PEST,kitchen,LOW
pl_shower_weak,pl_shower_weak#0,Weak shower pressure,"Hello, The shower water pressure is very low since this morning, it just trickles. Asante",PLUMBING,bathroom,LOW
ap_cooker,ap_cooker#1,Oven not heating,"Hi landlord, The oven provided with the house is not heating",APPLIANCE,kitchen,MEDIUM
ot_garbage,ot_garbage#1,rubbish piling up,"Hello, The rubbish pile near the compound is very big and attracting flies. When can someone come?",OTHER,,MEDIUM
ap_fridge,ap_fridge#1,Fridge not cooling,"Hi, The fridge is running but not cold, food is spoiling. When can someone come?",APPLIANCE,kitchen,MEDIUM
ot_flood_compound,ot_flood_compound#0,compound flooded,the compound is flooded since last night and water is entering the ground floor houses.,OTHER,compound,HIGH
pl_tap_drip,pl_tap_drip#0,Tap won't close,"Kindly assist, The bathroom tap keeps dripping even when fully closed. Asante.",PLUMBING,bathroom,MEDIUM
se_spyhole,se_spyhole#0,peephole cracked,"Hello, The peephole on the front door is cracked.",SECURITY,front door,LOW
st_broken_glass,st_broken_glass#1,Window pane cracked,"hi landlord, a window pane in the sitting room is broken, there are sharp edges.",STRUCTURAL,sitting room,MEDIUM
ap_no_hot_water,ap_no_hot_water#0,water heater not working,"Hello, The water heater is not heating for th last few days, only cold water. Thank you.",APPLIANCE,,MEDIUM
el_sparks,el_sparks#2,Sparks from socket,"hi, the light switch in the bedroom sparks when i switch it on. i am at home after 5pm.",ELECTRICAL,bedroom,HIGH
ot_curtain,ot_curtain#1,Curtain rod loose,"Please help, The curtain rod in the sitting room is loose on one side.",OTHER,sitting room,LOW
ap_no_hot_water,ap_no_hot_water#2,no hot water,"Hi, The instant shower does not heat the water any more. Please send someone.",APPLIANCE,shower,MEDIUM
ot_parking,ot_parking#0,Parking line faded,"Hi landlord, Someone keeps parking in my space.",OTHER,parking,LOW
pl_cistern,pl_cistern#0,Flush not working well,The toilet cistern keeps running and does not stop filling. Thank you.,PLUMBING,toilet,MEDIUM
ap_doorbell,ap_doorbell#1,Bell not ringing,"Sorry to bother you, The doorbell stopped ringing, visitors have to knock. Kindly fix it soon.",APPLIANCE,gate,LOW
pe_rats,pe_rats#1,Rats in the house,"Hi landlord, We keep seeing rats at night in th kitchen. Please come and check",PEST,,MEDIUM
el_security_light,el_security_light#0,outside light not working,"Hi, The balcony light is not working, I think the bulb is blown. I am at home after 5pm.",ELECTRICAL,balcony,LOW
se_cant_lock,se_cant_lock#1,Door lock broken,"Hello, The key does not turn in the front door lock, we cannot lock up when we leave",SECURITY,front door,HIGH
ap_heater_spark,ap_heater_spark#0,geyser smoking,The instant shower heater sparks when switched on.,APPLIANCE,bathroom,HIGH
ot_parking,ot_parking#1,Parking space taken,"Good morning, The parking markings have faded and people park anyhow.",OTHER,,LOW
el_exposed,el_exposed#0,Wires hanging out,"hello, there are exposed live wires hanging from the balcony ceiling, children are in the house. please come and check.",ELECTRICAL,balcony,HIGH
ot_parking,ot_parking#1,parking line faded,The parking markings have faded and people park anyhow. When can someone come?,OTHER,parking,LOW
pe_rats,pe_rats#0,Rats in the house,"Hi, There are rats in th kitchen for two days now, they are eating our food. Kindly fix it soon",PEST,,MEDIUM
se_gate,se_gate#2,Main gate lock broken,"Hi, The gate hinge is broken and the gate is dragging. When can someone come?",SECURITY,,MEDIUM
pe_ants,pe_ants#1,Small ants,"Hi, Ants come in through the kitchen window sometimes. Asante.",PEST,kitchen,LOW
ot_curtain,ot_curtain#0,curtain rail fell,"sorry to bother you, the curtain rail in the bedroom fell down. asante.",OTHER,bedroom,LOW
el_nopower,el_nopower#2,No electricity,"Hello, The breaker keeps tripping and now there is no power in th whole house.",ELECTRICAL,unit,HIGH
st_railing,st_railing#0,Balcony railing loose,"Hi landlord, The balcony railing is very loose and could give way if someone leans on it. Please send someone.",STRUCTURAL,balcony,HIGH
ap_cooker,ap_cooker#1,Oven not heating,The oven provided with the house is not heating. Asante.,APPLIANCE,kitchen,MEDIUM
ap_no_hot_water,ap_no_hot_water#1,water heater not working,There is no hot water in the kitchen shower. Please come and check,APPLIANCE,,MEDIUM
pl_shower_weak,pl_shower_weak#1,Shower head blocked,"hi landlord, th shower head seems blocked, water comes out in a few thin streams. when can someone come?",PLUMBING,,LOW
ot_fire,ot_fire#0,Fire in the building,"There was a small fire in the corridor since the weekend, it is out now but the wall is burnt and wires are damaged.",OTHER,,HIGH
el_sparks,el_sparks#2,Switch sparking,"Hi, The light switch in the bedroom sparks when I switch it on. Please send someone.",ELECTRICAL,bedroom,HIGH
pl_rain_leak,pl_rain_leak#2,Gutter leaking,"there is a small leak in th bedroom whenever it rains, we put a bucket. when can someone come?",PLUMBING,bedroom,MEDIUM
st_broken_glass,st_broken_glass#1,Broken window glass,"a window pane in the kitchen is broken, there are sharp edges. please send someone.",STRUCTURAL,,MEDIUM
pl_cistern,pl_cistern#1,toilet cistern running,"The flush handle is broken, we have to pour water to flush. Asante.",PLUMBING,,MEDIUM
el_socket_dead,el_socket_dead#1,dead socket,"Hi landlord, None of the sockets in the sitting room have power, the rest of the house is fine. When can someone come?",ELECTRICAL,sitting room,MEDIUM
pl_sink_blocked,pl_sink_blocked#2,Blocked sink,"habari, the bathroom drain is clogged and smells bad.",PLUMBING,bathroom,MEDIUM
ap_no_hot_water,ap_no_hot_water#2,Water heater not working,"hello, the instant shower does not heat the water any more. please come and check.",APPLIANCE,shower,MEDIUM
pe_bedbugs,pe_bedbugs#1,Bedbug infestation,"Kindly assist, Bedbugs have spread in the house, they are in the walls and furniture. Thank you.",PEST,bedroom,MEDIUM
st_door_hinge,st_door_hinge#2,Door hinge broken,"hi, the hinge of the bedroom door is broken since yesterday. thank you.",STRUCTURAL,bedroom,MEDIUM
pl_nowater,pl_nowater#2,No water supply,"Kindly assist, None of the taps are working, no water at all. The tank seems empty. Kindly fix it soon.",PLUMBING,,HIGH
pe_mosquito,pe_mosquito#0,Mosquito net torn,"hi, the mosquito mesh on the bedroom window is torn.",PEST,bedroom,LOW
ap_doorbell,ap_doorbell#0,Doorbell not working,The doorbell is not working. Thank you.,APPLIANCE,,LOW
st_window_wont_close,st_window_wont_close#1,Window latch broken,"Hi, The latch on the bedroom window is broken so it cannot close properly. When can someone come?",STRUCTURAL,bedroom,MEDIUM
ap_no_hot_water,ap_no_hot_water#0,No hot water,"The water heater is not heating for two weeks, only cold water.",APPLIANCE,shower,MEDIUM
ot_stairs_light,ot_stairs_light#1,Stairs dark at night,"Hi landlord, The corridor lights on our floor are off and people trip on the stairs.",OTHER,,MEDIUM
ot_stairs_light,ot_stairs_light#1,Staircase lights off,"Please help, The corridor lights on our floor are off and people trip on the stairs. Kindly fix it soon.",OTHER,stairs,MEDIUM
ot_flood_compound,ot_flood_compound#0,Water entering houses,"Sorry to bother you, The compound is flooded and water is entering the ground floor houses.",OTHER,ground floor,HIGH
el_token,el_token#0,Token meter problem,"The token meter is not accepting the token I bought for about a week, it shows an error. When can someone come?",ELECTRICAL,meter box,MEDIUM
ap_fridge,ap_fridge#1,fridge stopped working,"the fridge is running but not cold, food is spoiling. kindly fix it soon.",APPLIANCE,,MEDIUM
pe_rats,pe_rats#1,Rats in the house,"sorry to bother you, we keep seeing rats at night in the store. when can someone come?",PEST,store,HIGH
ot_clothesline,ot_clothesline#1,Drying line snapped,"Kindly assist, The drying lines on the balcony are broken. Please come and check.",OTHER,balcony,LOW
pl_tap_drip,pl_tap_drip#3,tap won't close,"Hello, The sink tap is loose and drips all night. Please send someone.",PLUMBING,sink,MEDIUM
el_nopower,el_nopower#1,whole house has no electricity,"Hi, All the lights and sockets stopped working, no electricity in the unit at all. Asante.",ELECTRICAL,unit,HIGH
el_nopower,el_nopower#1,No electricity,"habari, all the lights and sockets stopped working, no electricity in the unit at all.",ELECTRICAL,house,MEDIUM
pe_bedbugs,pe_bedbugs#0,bedbugs,"Habari, We have bedbugs in the bedroom for the last few days, we are getting bitten every night.",PEST,,MEDIUM
ot_fire,ot_fire#0,Fire in the building,"There was a small fire in the meter box for about a week, it is out now but the wall is burnt and wires are damaged. Please send someone",OTHER,meter box,HIGH
pl_sink_blocked,pl_sink_blocked#1,kitchen sink not draining,"Good morning, Water is not going down the laundry area sink, it stays there for hours. I am at home after 5pm.",PLUMBING,,MEDIUM
ot_fire,ot_fire#0,fire in the building,"kindly assist, there was a small fire in the meter box for the last few days, it is out now but the wall is burnt and wires are damaged. thank you",OTHER,,HIGH
ap_fan,ap_fan#1,Fan making noise,The bedroom extractor fan has stopped working. I am at home after 5pm.,APPLIANCE,bedroom,LOW
el_nopower,el_nopower#2,Whole house has no electricity,"Good morning, The breaker keeps tripping and now there is no power in the whole house.",ELECTRICAL,house,HIGH
se_locked_out,se_locked_out#1,Locked out,"Hi, I am locked out because th front door lock jammed for two days now.",SECURITY,front door,HIGH
ot_noise,ot_noise#0,Noise complaint,"Sorry to bother you, The neighbours play loud music late at night. Thank you",OTHER,next door,LOW
st_paint,st_paint#0,Paint peeling,"good morning, the paint on the bathroom walls is peeling off. please send someone.",STRUCTURAL,bathroom,LOW
pl_ceiling_leak,pl_ceiling_leak#1,Water dripping through ceiling,"Good morning, There is water coming through the ceiling in the bedroom and it is near the electric wires. Please come and check.",PLUMBING,bedroom,MEDIUM
ot_flood_compound,ot_flood_compound#0,Compound flooded,The compound is flooded since Monday and water is entering the ground floor houses. I am at home after 5pm,OTHER,,MEDIUM
st_railing,st_railing#1,balcony railing loose,"hi, the staircase railing broke off since yesterday, it is dangerous for children. asante.",STRUCTURAL,staircase,HIGH
el_socket_dead,el_socket_dead#0,Sockets in one room not working,The socket in the sitting room is not working,ELECTRICAL,sitting room,LOW
pl_burst,pl_burst#0,Water pipe has burst,"Please help, The pipe under the corridor sink has burst and water is pouring everywhere since yesterday.",PLUMBING,corridor,HIGH
se_door_handle,se_door_handle#1,Door handle loose,"Hello, The lock on the bedroom door does not work but the main door locks fine. Thank you.",SECURITY,bedroom,LOW
el_socket_dead,el_socket_dead#1,Socket not working,"Kindly assist, None of the sockets in the sitting room have power, the rest of the house is fine. Thank you.",ELECTRICAL,sitting room,MEDIUM
pl_nowater,pl_nowater#0,taps dry,"there has been no water in the whole house since yesterday, all the taps are dry.",PLUMBING,,HIGH
pl_toilet_only,pl_toilet_only#2,only toilet blocked,"hi landlord, we cannot use the toilet at all, it is fully blocked and there is no other toilet. thank you.",PLUMBING,bathroom,HIGH
ap_cooker,ap_cooker#1,Oven not heating,"Hello, The oven provided with the house is not heating",APPLIANCE,,MEDIUM
st_window_wont_close,st_window_wont_close#0,Window won't close,"The bathroom window does not close since Monday, rain and mosquitoes come in.",STRUCTURAL,bathroom,MEDIUM
ap_doorbell,ap_doorbell#1,Doorbell not working,"Please help, The doorbell stopped ringing, visitors have to knock. I am at home after 5pm",APPLIANCE,,LOW
st_door_hinge,st_door_hinge#2,Door hanging off hinge,"Kindly assist, The hinge of the toilet door is broken since last night. Please send someone.",STRUCTURAL,toilet,MEDIUM
ot_fire,ot_fire#1,fire in the building,"hi, fire started near the meter box and the area is damaged, we need it checked urgently.",OTHER,,MEDIUM
pl_cistern,pl_cistern#2,Flush not working well,"Hi landlord, Water keeps leaking from the cistern into the toilet bowl all the time. Please come and check.",PLUMBING,bathroom,MEDIUM
ot_parking,ot_parking#0,Parking space taken,someone keeps parking in my space since the weekend.,OTHER,,LOW
ot_noise,ot_noise#1,noisy neighbours,"Hi, There is a lot of noise from the upstairs at night. Asante.",OTHER,,LOW
pe_cockroach,pe_cockroach#0,cockroaches everywhere,The store is full of cockroaches for the last few days.,PEST,store,MEDIUM
st_door_hinge,st_door_hinge#2,Door hanging off hinge,"Please help, The hinge of the kitchen door is broken for two days now.",STRUCTURAL,,MEDIUM
el_security_light,el_security_light#0,Porch light out,"Hello, The stairs light is not working since Monday, I think the bulb is blown",ELECTRICAL,stairs,LOW
el_token,el_token#0,Prepaid meter error,"hi landlord, the token meter is not accepting the token i bought since this morning, it shows an error.",ELECTRICAL,meter box,MEDIUM
pl_tap_drip,pl_tap_drip#1,Tap dripping,"sorry to bother you, th tap in the outside does not close properly and water keeps running. thank you",PLUMBING,outside,MEDIUM
el_switch_broken,el_switch_broken#2,Loose light switch,"The corridor switch plate is broken, it works fine though.",ELECTRICAL,corridor,LOW
pl_burst,pl_burst#2,burst pipe,"Hi landlord, Water is gushing from a broken pipe in the toilet, I have put buckets but it is too much. Thank you.",PLUMBING,toilet,MEDIUM
se_spyhole,se_spyhole#1,Door viewer broken,"habari, the door viewer fell out of the main door. kindly fix it soon.",SECURITY,main door,LOW
st_broken_glass,st_broken_glass#2,Window pane cracked,"habari, the bedroom window glass is broken and the wind blows in. thank you",STRUCTURAL,bedroom,MEDIUM
ap_no_hot_water,ap_no_hot_water#0,No hot water,"Hi landlord, The water heater is not heating for two days now, only cold water.",APPLIANCE,bathroom,MEDIUM
st_hairline,st_hairline#0,Small crack in plaster,"There is a small hairline crack in the plaster in the bedroom, it has not changed. When can someone come?",STRUCTURAL,bedroom,LOW
el_burning,el_burning#0,smell of burning plastic,"Hello, There is a burning smell coming from the wiring in the meter box for about a week. Kindly fix it soon.",ELECTRICAL,meter box,HIGH
el_token,el_token#1,token meter problem,"Good morning, The prepaid meter shows reject when I enter the token. Please come and check",ELECTRICAL,,MEDIUM
se_breakin,se_breakin#0,Break-in last night,"Good morning, Thieves broke into th house for the last few days through the kitchen window, it is still open.",SECURITY,kitchen window,HIGH
el_sparks,el_sparks#1,switch sparking,"Hi landlord, There were sparks and a loud pop from the bedroom socket since yesterday. I am at home after 5pm.",ELECTRICAL,bedroom,HIGH
se_cant_lock,se_cant_lock#1,front door lock stiff,"hi, the key does not turn in the front door lock, we cannot lock up when we leave",SECURITY,back door,HIGH
el_sparks,el_sparks#2,socket sparking,"Hi landlord, The light switch in the corridor sparks when I switch it on. Asante.",ELECTRICAL,corridor,HIGH
ap_doorbell,ap_doorbell#0,bell not ringing,"kindly assist, the doorbell is not working. kindly fix it soon.",APPLIANCE,front door,LOW
pe_ants,pe_ants#1,Ants in kitchen,"Please help, Ants come in through the kitchen window sometimes. Asante.",PEST,kitchen,LOW
se_spyhole,se_spyhole#0,Peephole cracked,"Habari, The peephole on th front door is cracked.",SECURITY,main door,LOW
ap_heater_spark,ap_heater_spark#0,instant shower sparks,"kindly assist, th instant shower heater sparks when switched on. when can someone come?",APPLIANCE,bathroom,HIGH
ot_noise,ot_noise#0,noisy neighbours,"Hello, The neighbours play loud music late at night since last night. Kindly fix it soon.",OTHER,upstairs,LOW
el_socket_dead,el_socket_dead#1,Sockets in one room not working,"Sorry to bother you, None of the sockets in the bedroom have power, the rest of the house is fine.",ELECTRICAL,,MEDIUM
st_railing,st_railing#0,balcony railing loose,"hi landlord, th staircase railing is very loose and could give way if someone leans on it.",STRUCTURAL,staircase,HIGH
pl_sink_blocked,pl_sink_blocked#2,Sink blocked,"Please help, The laundry area drain is clogged and smells bad. Thank you.",PLUMBING,laundry area,MEDIUM
el_token,el_token#0,Prepaid meter error,"Sorry to bother you, The token meter is not accepting the token I bought for the last few days, it shows an error.",ELECTRICAL,meter box,LOW
ot_flood_compound,ot_flood_compound#0,Water entering houses,"Sorry to bother you, The compound is flooded since yesterday and water is entering the ground floor houses. Please come and check.",OTHER,,HIGH
ot_flood_compound,ot_flood_compound#1,Water entering houses,"good morning, heavy rain has flooded the compound and water is coming into the house. when can someone come?",OTHER,compound,HIGH
pl_sink_blocked,pl_sink_blocked#0,Blocked sink,"Kindly assist, The bathroom sink is blocked and water drains very slowly since this morning. When can someone come?",PLUMBING,bathroom,LOW
pe_rats,pe_rats#2,rats in kitchen,Mice are coming in through a hole in the kitchen wall. Please come and check.,PEST,kitchen,MEDIUM
pl_nowater,pl_nowater#2,No water supply,"hi, none of the taps are working, no water at all. the tank seems empty.",PLUMBING,,HIGH
se_breakin,se_breakin#2,grill cut by thieves,there was a break-in and the kitchen window is damaged and cannot close. please come and check.,SECURITY,,HIGH
se_locked_out,se_locked_out#1,Cannot open door,i am locked out because the front door lock jammed for two days now.,SECURITY,,MEDIUM
se_gate,se_gate#2,Main gate lock broken,The gate hinge is broken and th gate is dragging. Please come and check,SECURITY,compound,LOW
st_door_hinge,st_door_hinge#0,Door hanging off hinge,"Hello, The kitchen door has come off one hinge and does not close. Kindly fix it soon",STRUCTURAL,,MEDIUM
pe_ants,pe_ants#0,Ants in kitchen,"Hello, There are some small ants in the kitchen, not too many. When can someone come?",PEST,kitchen,LOW
pe_rats,pe_rats#2,Rats in the house,Mice are coming in through a hole in the ceiling wall. When can someone come?,PEST,ceiling,MEDIUM
st_ceiling_fall,st_ceiling_fall#2,ceiling board falling,"Sorry to bother you, Pieces of the ceiling are falling in the sitting room. Asante.",STRUCTURAL,,HIGH
ot_noise,ot_noise#0,noisy neighbours,The neighbours play loud music late at night since the weekend. Kindly fix it soon.,OTHER,upstairs,LOW
ap_tank,ap_tank#1,Water pump not working,The booster pump makes noise but no water comes to the upper floors. I am at home after 5pm.,APPLIANCE,roof,MEDIUM
pl_sewage,pl_sewage#1,Sewage coming out,"Hi landlord, Dirty water from the sewer is overflowing in the bathroom, we cannot use it at all. I am at home after 5pm.",PLUMBING,bathroom,HIGH
pl_shower_weak,pl_shower_weak#1,Low water pressure in shower,"Please help, The shower head seems blocked, water comes out in a few thin streams. Kindly fix it soon.",PLUMBING,bathroom,LOW
ap_cooker,ap_cooker#1,Cooker plate dead,"Please help, The oven provided with the house is not heating. Thank you",APPLIANCE,kitchen,MEDIUM
se_locked_out,se_locked_out#0,key broke in lock,The key broke inside the main door lock and I am locked out.,SECURITY,main door,HIGH
pe_mosquito,pe_mosquito#0,Mosquito net torn,The mosquito mesh on th bedroom window is torn.,PEST,bedroom,LOW
ot_fire,ot_fire#1,Fire damage,"Habari, Fire started near the kitchen and the area is damaged, we need it checked urgently. When can someone come?",OTHER,kitchen,HIGH
ap_doorbell,ap_doorbell#1,Doorbell not working,"The doorbell stopped ringing, visitors have to knock. Kindly fix it soon.",APPLIANCE,,LOW
st_window_wont_close,st_window_wont_close#1,Window latch broken,"habari, the latch on the bathroom window is broken so it cannot close properly.",STRUCTURAL,bathroom,MEDIUM
ap_heater_spark,ap_heater_spark#1,geyser smoking,"Hello, Smoke is coming out of th water heater in the bathroom. When can someone come?",APPLIANCE,,MEDIUM
ap_cooker,ap_cooker#1,oven not heating,"good morning, the oven provided with the house is not heating. i am at home after 5pm",APPLIANCE,,MEDIUM
pe_cockroach,pe_cockroach#0,Cockroach infestation,"Kindly assist, The bathroom is full of cockroaches for the last few days. Please send someone",PEST,bathroom,MEDIUM
se_window_grill,se_window_grill#0,Grill bent,The kitchen window grill is loose and can be pulled out. Kindly fix it soon,SECURITY,,MEDIUM
ap_fan,ap_fan#0,Extractor fan not working,"Kindly assist, The ceiling fan in the kitchen makes a rattling noise. When can someone come?",APPLIANCE,kitchen,MEDIUM
el_switch_broken,el_switch_broken#2,Switch plate cracked,"please help, the corridor switch plate is broken, it works fine though. i am at home after 5pm.",ELECTRICAL,,LOW
ot_noise,ot_noise#0,Noisy neighbours,The neighbours play loud music late at night since the weekend. When can someone come?,OTHER,,LOW
pl_sewage,pl_sewage#2,toilet overflowing with sewage,The toilet is overflowing with waste and it is spreading to the shower floor. Please send someone.,PLUMBING,shower,HIGH
ap_fridge,ap_fridge#0,Fridge not cooling,"Hello, The fridge provided in the furnished unit stopped cooling since last night. Please send someone.",APPLIANCE,,MEDIUM
el_light_flicker,el_light_flicker#2,Light keeps flickering,"Kindly assist, The bedroom light flickers on and off when the fridge starts. When can someone come?",ELECTRICAL,,MEDIUM
pe_ants,pe_ants#0,ants in kitchen,"Sorry to bother you, There are some small ants in th bedroom, not too many. I am at home after 5pm.",PEST,,LOW
pe_bees,pe_bees#1,Swarm of bees,"Kindly assist, There is a large wasp nest at the bedroom, my child was stung. Please send someone.",PEST,bedroom,HIGH
pl_burst,pl_burst#1,Pipe burst flooding house,"Sorry to bother you, A water pipe burst in the kitchen and the floor is flooded. When can someone come?",PLUMBING,kitchen,HIGH
el_burning,el_burning#0,Smell of burning plastic,There is a burning smell coming from the wiring in the meter box for two weeks. Asante.,ELECTRICAL,meter box,HIGH
ap_fridge,ap_fridge#0,Fridge stopped working,"Good morning, The fridge provided in the furnished unit stopped cooling for the last few days. Please send someone.",APPLIANCE,kitchen,MEDIUM
pe_bedbugs,pe_bedbugs#0,Bedbug infestation,"We have bedbugs in the sitting room since Monday, we are getting bitten every night. Thank you.",PEST,sitting room,MEDIUM
ot_clothesline,ot_clothesline#1,Drying line snapped,"Sorry to bother you, The drying lines on the balcony are broken. Asante.",OTHER,balcony,LOW
ot_clothesline,ot_clothesline#0,Clothesline broken,"kindly assist, the clothesline in the compound snapped. when can someone come?",OTHER,compound,LOW
se_gate,se_gate#0,Compound gate faulty,"Hi landlord, The compound gate does not close properly since Monday.",SECURITY,gate,MEDIUM
pl_tap_drip,pl_tap_drip#1,Kitchen tap leaking,"Hi landlord, The tap in the bathroom does not close properly and water keeps running.",PLUMBING,bathroom,MEDIUM
ap_fridge,ap_fridge#0,Fridge stopped working,"hello, the fridge provided in the furnished unit stopped cooling since last night. asante.",APPLIANCE,kitchen,MEDIUM
st_paint,st_paint#2,Wall paint peeling off,The bedroom walls look old and the paint is coming off.,STRUCTURAL,bedroom,LOW
se_spyhole,se_spyhole#1,Door viewer broken,"hi landlord, the door viewer fell out of the front door. thank you.",SECURITY,front door,LOW
ap_fan,ap_fan#0,Ceiling fan noisy,The ceiling fan in the bedroom makes a rattling noise. When can someone come?,APPLIANCE,bedroom,LOW
st_wardrobe,st_wardrobe#0,cabinet hinge loose,"kindly assist, the bedroom wardrobe door hinge is loose and the door does not close well. please send someone.",STRUCTURAL,bedroom,LOW
pe_bees,pe_bees#1,Wasp nest at door,"Hi, There is a large wasp nest at the bedroom, my child was stung. Thank you.",PEST,bedroom,HIGH
pl_tap_stiff,pl_tap_stiff#0,Tap hard to turn,"Hi, The kitchen tap handle is stiff and hard to turn but it works. Kindly fix it soon.",PLUMBING,kitchen,LOW
pe_mosquito,pe_mosquito#0,Mosquito net torn,"Please help, The mosquito mesh on the bedroom window is torn.",PEST,bedroom,LOW
pe_mosquito,pe_mosquito#0,Window mesh torn,"Good morning, The mosquito mesh on the kitchen window is torn.",PEST,,LOW
ap_heater_spark,ap_heater_spark#2,Water heater sparking,"Habari, The water heater makes a buzzing sound and gives a shock. I am at home after 5pm.",APPLIANCE,bathroom,HIGH
pl_ceiling_leak,pl_ceiling_leak#0,ceiling leaking near light,water is dripping from the sitting room ceiling right next to the light fitting. kindly fix it soon,PLUMBING,,HIGH
pl_nowater,pl_nowater#2,No water supply,"Please help, None of the taps are working, no water at all. The tank seems empty. Kindly fix it soon",PLUMBING,house,HIGH
se_window_grill,se_window_grill#0,Window grill loose,The bedroom window grill is loose and can be pulled out. Thank you.,SECURITY,bedroom,MEDIUM
ap_tank,ap_tank#0,Water pump not working,The water pump is not pumping water to the tank.,APPLIANCE,roof,MEDIUM
st_hairline,st_hairline#1,small crack in plaster,"Please help, Small crack on the bedroom wall, just cosmetic I think.",STRUCTURAL,,LOW
st_hairline,st_hairline#1,Hairline crack on wall,"Sorry to bother you, Small crack on th sitting room wall, just cosmetic I think. I am at home after 5pm.",STRUCTURAL,,LOW
se_locked_out,se_locked_out#0,key broke in lock,the key broke inside th main door lock and i am locked out. asante,SECURITY,main door,HIGH
ot_noise,ot_noise#0,Noisy neighbours,"Kindly assist, The neighbours play loud music late at night for two weeks",OTHER,compound,LOW
el_token,el_token#2,token meter problem,"good morning, the meter display is blank and i cannot load tokens.",ELECTRICAL,house,MEDIUM
ap_tank,ap_tank#0,Booster pump problem,The water pump is not pumping water to the tank for the last few days. Thank you.,APPLIANCE,tank,MEDIUM
ot_parking,ot_parking#1,Parking space taken,The parking markings have faded and people park anyhow. Asante,OTHER,parking,MEDIUM
ap_no_hot_water,ap_no_hot_water#2,Shower heater not heating,The instant shower does not heat the water any more. Asante.,APPLIANCE,bathroom,MEDIUM
pl_ceiling_leak,pl_ceiling_leak#0,Ceiling leaking near light,Water is dripping from the sitting room ceiling right next to the light fitting.,PLUMBING,sitting room,HIGH
pe_rats,pe_rats#2,Rats in th house,"sorry to bother you, mice are coming in through a hole in the ceiling wall.",PEST,,MEDIUM
ot_garbage,ot_garbage#1,Rubbish piling up,The rubbish pile near the parking is very big and attracting flies.,OTHER,,MEDIUM
pe_mosquito,pe_mosquito#1,window mesh torn,"there is a hole in the bedroom window net, mosquitoes come in. i am at home after 5pm.",PEST,,LOW
st_hairline,st_hairline#1,small crack in plaster,"please help, small crack on the bedroom wall, just cosmetic i think.",STRUCTURAL,bedroom,LOW
st_wardrobe,st_wardrobe#0,Cabinet hinge loose,"Hi landlord, The kitchen wardrobe door hinge is loose and the door does not close well.",STRUCTURAL,,LOW
ot_fire,ot_fire#1,Fire in the building,"Fire started near the meter box and the area is damaged, we need it checked urgently.",OTHER,meter box,HIGH
ap_fridge,ap_fridge#1,Fridge not cooling,"The fridge is running but not cold, food is spoiling.",APPLIANCE,,MEDIUM
se_door_handle,se_door_handle#0,Bedroom lock not working,"Kindly assist, The store door handle is loose, the door still locks.",SECURITY,store,LOW
ot_curtain,ot_curtain#1,Curtain rail fell,"Good morning, The curtain rod in the bedroom is loose on one side.",OTHER,bedroom,LOW
pl_shower_weak,pl_shower_weak#1,Weak shower pressure,"Good morning, The shower head seems blocked, water comes out in a few thin streams.",PLUMBING,,LOW
ot_parking,ot_parking#0,Parking space taken,"habari, someone keeps parking in my space for two weeks. please send someone",OTHER,parking,LOW
pl_tap_drip,pl_tap_drip#1,Kitchen tap leaking,"Sorry to bother you, The tap in the sink does not close properly and water keeps running. Please come and check.",PLUMBING,sink,LOW
pe_mosquito,pe_mosquito#0,Window mesh torn,The mosquito mesh on the bedroom window is torn.,PEST,bedroom,LOW
pl_ceiling_leak,pl_ceiling_leak#0,Ceiling leaking near light,"Sorry to bother you, Water is dripping from the sitting room ceiling right next to the light fitting. Thank you.",PLUMBING,sitting room,HIGH
el_security_light,el_security_light#1,Porch light out,"Hi, The light outside the door has stopped working. Thank you.",ELECTRICAL,outside,LOW
st_ceiling_fall,st_ceiling_fall#1,Ceiling board falling,the bathroom ceiling board is hanging and looks like it will fall on someone. when can someone come?,STRUCTURAL,bathroom,HIGH
el_switch_broken,el_switch_broken#2,Switch cover broken,"Hello, The bedroom switch plate is broken, it works fine though. I am at home after 5pm.",ELECTRICAL,bedroom,LOW
st_ceiling_fall,st_ceiling_fall#1,Ceiling about to fall,the kitchen ceiling board is hanging and looks like it will fall on someone.,STRUCTURAL,kitchen,HIGH
ot_garbage,ot_garbage#0,Garbage not collected,"Good morning, Garbage has not been collected for the last few days and it is starting to smell.",OTHER,compound,MEDIUM
el_token,el_token#0,Token meter problem,"Hi landlord, The token meter is not accepting th token I bought since last night, it shows an error. Asante",ELECTRICAL,meter box,LOW
pe_rats,pe_rats#2,Rats in the house,"Hi landlord, Mice are coming in through a hole in the sitting room wall.",PEST,,MEDIUM
pl_burst,pl_burst#2,pipe burst,"Sorry to bother you, Water is gushing from a broken pipe in the corridor, I have put buckets but it is too much.",PLUMBING,corridor,HIGH
el_shock,el_shock#1,Shock from tap,"Please help, My child got a shock from the window grill socket. I am at home after 5pm.",ELECTRICAL,window grill,HIGH
se_locked_out,se_locked_out#0,Cannot open door,"Good morning, The key broke inside the main door lock and I am locked out. Kindly fix it soon.",SECURITY,,HIGH
pe_bees,pe_bees#1,Wasp nest at door,"Kindly assist, There is a large wasp nest at the bedroom, my child was stung. When can someone come?",PEST,bedroom,HIGH
pl_tap_drip,pl_tap_drip#3,Leaking tap,The outside tap is loose and drips all night. I am at home after 5pm.,PLUMBING,,MEDIUM
el_shock,el_shock#1,Electric shock from wall,"Sorry to bother you, My child got a shock from the shower socket. Kindly fix it soon.",ELECTRICAL,shower,HIGH
st_hairline,st_hairline#1,Hairline crack on wall,"Hello, Small crack on the sitting room wall, just cosmetic I think. Please send someone.",STRUCTURAL,,LOW
pl_nowater,pl_nowater#2,No water in the house,"Habari, None of the taps are working, no water at all. The tank seems empty.",PLUMBING,house,HIGH
se_gate,se_gate#1,Compound gate faulty,"The lock on the main gate is broken, anyone can walk in",SECURITY,,MEDIUM
ap_no_hot_water,ap_no_hot_water#1,No hot water,"Hi landlord, There is no hot water in the shower shower. Thank you.",APPLIANCE,shower,MEDIUM
st_paint,st_paint#0,Wall paint peeling off,"Hi landlord, The paint on the bathroom walls is peeling off. Please come and check.",STRUCTURAL,bathroom,LOW
st_wall_crack,st_wall_crack#0,Big crack in wall,"Sorry to bother you, There is a large crack in the outside wall and it is getting wider every day. Please send someone.",STRUCTURAL,,HIGH
pl_shower_weak,pl_shower_weak#2,shower head blocked,"sorry to bother you, water pressure in the bathroom shower is weak but it still works. thank you",PLUMBING,,MEDIUM
pl_sewage,pl_sewage#1,Drain backing up,"Hello, Dirty water from the sewer is overflowing in the toilet, we cannot use it at all",PLUMBING,,HIGH
ot_noise,ot_noise#0,noisy neighbours,The neighbours play loud music late at night for the last few days,OTHER,next door,LOW
st_door_hinge,st_door_hinge#2,Door not closing,the hinge of the kitchen door is broken for the last few days. please come and check.,STRUCTURAL,,MEDIUM
el_switch_broken,el_switch_broken#1,Switch cover broken,"Please help, The light switch in the corridor is loose in the wall. Asante.",ELECTRICAL,corridor,LOW
ot_flood_compound,ot_flood_compound#0,Compound flooded,"habari, the compound is flooded since monday and water is entering the ground floor houses. thank you.",OTHER,ground floor,HIGH
pe_rats,pe_rats#2,Rats in the house,"Habari, Mice are coming in through a hole in the store wall.",PEST,store,MEDIUM
el_socket_dead,el_socket_dead#1,Socket not working,"none of th sockets in the kitchen have power, the rest of the house is fine. when can someone come?",ELECTRICAL,kitchen,MEDIUM
pl_nowater,pl_nowater#1,No water in the house,"Hi landlord, We have had no water supply for the last few days, we cannot cook, bathe or flush the toilet.",PLUMBING,,HIGH
el_burning,el_burning#1,Smell of burning plastic,"habari, smoke came out of the kitchen socket and there is a smell of burning plastic. thank you.",ELECTRICAL,kitchen,HIGH
st_wall_crack,st_wall_crack#2,big crack in wall,The kitchen wall is cracking and bulging out. Please come and check.,STRUCTURAL,kitchen,HIGH
st_damp,st_damp#2,mould growing,Dampness on the bathroom wall is making our clothes smell. Kindly fix it soon.,STRUCTURAL,bathroom,MEDIUM
ot_noise,ot_noise#1,noise complaint,There is a lot of noise from the next door at night. Asante.,OTHER,next door,LOW
ap_cooker,ap_cooker#1,Oven not heating,"Good morning, The oven provided with the house is not heating.",APPLIANCE,kitchen,MEDIUM
ap_doorbell,ap_doorbell#0,Doorbell not working,"Please help, The doorbell is not working for th last few days. I am at home after 5pm.",APPLIANCE,gate,LOW
se_breakin,se_breakin#1,House broken into,"Sorry to bother you, Someone cut the bedroom window grill and broke in, we need it fixed urgently. Asante.",SECURITY,bedroom window,HIGH
pl_burst,pl_burst#1,Burst pipe,"Habari, A water pipe burst in the kitchen and the floor is flooded. Please send someone",PLUMBING,kitchen,HIGH
se_window_grill,se_window_grill#1,Grill bent,One bar of the kitchen grill is bent and loose.,SECURITY,kitchen,MEDIUM
ot_stairs_light,ot_stairs_light#1,Staircase lights off,"Sorry to bother you, The corridor lights on our floor are off and people trip on the stairs. When can someone come?",OTHER,,MEDIUM
ot_fire,ot_fire#0,Fire in the building,"hi, there was a small fire in the corridor for about a week, it is out now but the wall is burnt and wires are damaged. i am at home after 5pm.",OTHER,corridor,HIGH
el_switch_broken,el_switch_broken#0,Switch plate cracked,"hello, the cover of the bedroom switch is cracked but the switch still works. when can someone come?",ELECTRICAL,bedroom,LOW
el_socket_dead,el_socket_dead#0,Dead socket,"Kindly assist, The socket in the kitchen is not working since the weekend.",ELECTRICAL,kitchen,MEDIUM
st_door_hinge,st_door_hinge#0,Door hinge broken,"Please help, The bathroom door has come off one hinge and does not close. When can someone come?",STRUCTURAL,bathroom,MEDIUM
se_cant_lock,se_cant_lock#1,Front door lock stiff,"the key does not turn in the front door lock, we cannot lock up when we leave. asante.",SECURITY,main door,HIGH
el_burning,el_burning#2,smoke from socket,The extension socket in the bedroom melted and there is a burning smell,ELECTRICAL,bedroom,HIGH
pl_tap_stiff,pl_tap_stiff#0,Tap hard to turn,the bathroom tap handle is stiff and hard to turn but it works. kindly fix it soon.,PLUMBING,bathroom,LOW
se_spyhole,se_spyhole#1,door viewer broken,"sorry to bother you, th door viewer fell out of the main door.",SECURITY,main door,LOW
el_burning,el_burning#1,Burning smell from wires,"Please help, Smoke came out of the sitting room socket and there is a smell of burning plastic. Please send someone",ELECTRICAL,sitting room,HIGH
ot_curtain,ot_curtain#0,Curtain rail fell,"hi landlord, the curtain rail in the sitting room fell down.",OTHER,,LOW
ap_fan,ap_fan#1,Fan making noise,The kitchen extractor fan has stopped working. Please come and check.,APPLIANCE,kitchen,LOW
ot_flood_compound,ot_flood_compound#1,compound flooded,"Hi landlord, Heavy rain has flooded the parking and water is coming into the house. I am at home after 5pm.",OTHER,,HIGH
el_nopower,el_nopower#1,Whole house has no electricity,"Kindly assist, All the lights and sockets stopped working, no electricity in the unit at all. Thank you.",ELECTRICAL,house,HIGH
se_door_handle,se_door_handle#1,Bedroom lock not working,"Hello, The lock on the bathroom door does not work but the main door locks fine. Kindly fix it soon.",SECURITY,bathroom,LOW
pe_mosquito,pe_mosquito#0,Window mesh torn,"Hello, The mosquito mesh on the kitchen window is torn",PEST,kitchen,LOW
el_burning,el_burning#0,smell of burning plastic,there is a burning smell coming from the wiring in the sitting room for the last few days.,ELECTRICAL,sitting room,HIGH
st_damp,st_damp#1,Damp and mould on wall,"Please help, There is mould spreading on the bathroom ceiling and the room smells. Kindly fix it soon.",STRUCTURAL,bathroom,MEDIUM
pe_bees,pe_bees#0,Swarm of bees,"Hi landlord, A swarm of bees has settled in the roof above the balcony, they are stinging people. Thank you",PEST,balcony,HIGH
pl_ceiling_leak,pl_ceiling_leak#0,water dripping through ceiling,"good morning, water is dripping from the sitting room ceiling right next to the light fitting. when can someone come?",PLUMBING,,HIGH
el_shock,el_shock#2,Shock from tap,"there is current on the metal sink door, it shocks when touched. please come and check",ELECTRICAL,sink,HIGH
pe_mosquito,pe_mosquito#1,mosquito net torn,"Hi landlord, There is a hole in the bedroom window net, mosquitoes come in. Thank you.",PEST,bedroom,LOW
pe_rats,pe_rats#1,mice problem,We keep seeing rats at night in the kitchen.,PEST,kitchen,MEDIUM
se_cant_lock,se_cant_lock#0,Front door lock stiff,"Good morning, The main door lock is broken and we cannot lock the house since last night. I am at home after 5pm.",SECURITY,main door,HIGH
pl_nowater,pl_nowater#3,no water in the house,"Hi landlord, Completely no water in the unit since Monday. Neighbours have water so it must be our line. Thank you.",PLUMBING,,HIGH
se_locked_out,se_locked_out#1,Key broke in lock,"Habari, I am locked out because the main door lock jammed for two days now. I am at home after 5pm",SECURITY,,MEDIUM
st_damp,st_damp#1,Damp and mould on wall,"sorry to bother you, there is mould spreading on the bathroom ceiling and the room smells. please send someone.",STRUCTURAL,bathroom,MEDIUM
pe_rats,pe_rats#1,mice problem,"hello, we keep seeing rats at night in the store. i am at home after 5pm",PEST,,MEDIUM
se_breakin,se_breakin#0,house broken into,"Please help, Thieves broke into th house since last night through the back door, it is still open. When can someone come?",SECURITY,back door,HIGH
ot_garbage,ot_garbage#0,Rubbish piling up,garbage has not been collected for two days now and it is starting to smell. i am at home after 5pm.,OTHER,parking,MEDIUM
pl_ceiling_leak,pl_ceiling_leak#2,Water leaking from ceiling,"Kindly assist, Water is leaking from the ceiling since the weekend and the ceiling board is sagging. Thank you.",PLUMBING,kitchen,HIGH
se_gate,se_gate#2,gate not closing,The gate hinge is broken and the gate is dragging. Thank you.,SECURITY,,MEDIUM
pl_tap_stiff,pl_tap_stiff#1,Tap handle stiff,"The tap in the kitchen squeaks when turned, no leak though. Please come and check.",PLUMBING,kitchen,LOW
pl_rain_leak,pl_rain_leak#0,leak when it rains,"hi, when it rains water leaks into the sitting room through the roof. asante",PLUMBING,sitting room,MEDIUM
pl_rain_leak,pl_rain_leak#2,Leak when it rains,"kindly assist, there is a small leak in the sitting room whenever it rains, we put a bucket. please come and check.",PLUMBING,,MEDIUM
ot_clothesline,ot_clothesline#0,Drying line snapped,"hi, the clothesline in the compound snapped",OTHER,compound,LOW
pl_sewage,pl_sewage#2,Toilet overflowing with sewage,"Hi, The toilet is overflowing with waste and it is spreading to the shower floor. Thank you",PLUMBING,shower,HIGH
st_door_hinge,st_door_hinge#1,Door hinge broken,The kitchen door drags on the floor and will not shut. Please come and check.,STRUCTURAL,kitchen,MEDIUM
st_window_wont_close,st_window_wont_close#1,Window won't close,"hi landlord, the latch on the bedroom window is broken so it cannot close properly.",STRUCTURAL,bedroom,MEDIUM
pl_sewage,pl_sewage#0,toilet overflowing with sewage,Sewage is coming up through the bathroom drain and the smell is unbearable.,PLUMBING,bathroom,HIGH
st_damp,st_damp#1,Damp and mould on wall,There is mould spreading on the bedroom ceiling and the room smells. Asante.,STRUCTURAL,bedroom,MEDIUM
ot_garbage,ot_garbage#1,Rubbish piling up,"Please help, The rubbish pile near the gate is very big and attracting flies.",OTHER,gate,MEDIUM
ot_noise,ot_noise#1,Noisy neighbours,"Please help, There is a lot of noise from th upstairs at night. Asante.",OTHER,upstairs,LOW
ap_heater_spark,ap_heater_spark#2,instant shower sparks,"hi, the water heater makes a buzzing sound and gives a shock. kindly fix it soon",APPLIANCE,bathroom,HIGH
el_exposed,el_exposed#1,Naked wires,"hello, the cover of the corridor socket fell off and the wires are naked. thank you.",ELECTRICAL,corridor,HIGH
st_railing,st_railing#0,Stair railing broken,"Kindly assist, The staircase railing is very loose and could give way if someone leans on it. Please send someone.",STRUCTURAL,,HIGH
el_socket_dead,el_socket_dead#2,Socket not working,"Sorry to bother you, The sitting room socket is dead, I have to use an extension from another room",ELECTRICAL,sitting room,MEDIUM
se_cant_lock,se_cant_lock#1,Door lock broken,"hi, the key does not turn in the front door lock, we cannot lock up when we leave.",SECURITY,front door,HIGH
el_socket_dead,el_socket_dead#0,Sockets in one room not working,The socket in the sitting room is not working. When can someone come?,ELECTRICAL,sitting room,MEDIUM
pe_bedbugs,pe_bedbugs#0,Bedbug infestation,"hi landlord, we have bedbugs in the bedroom since this morning, we are getting bitten every night",PEST,bedroom,MEDIUM
st_wardrobe,st_wardrobe#2,Cabinet hinge loose,"Hello, The kitchen cupboard handle came off.",STRUCTURAL,kitchen,LOW
ot_fire,ot_fire#0,fire in the building,"There was a small fire in the kitchen for two days now, it is out now but the wall is burnt and wires are damaged.",OTHER,kitchen,HIGH
st_door_hinge,st_door_hinge#0,Door hinge broken,"Sorry to bother you, The kitchen door has come off one hinge and does not close.",STRUCTURAL,kitchen,MEDIUM
ap_gas,ap_gas#0,Gas smell in kitchen,There is a strong smell of gas in the house for the last few days. I am at home after 5pm.,APPLIANCE,house,HIGH
el_light_flicker,el_light_flicker#0,lights dim and flicker,The sitting room lights keep flickering for the last few days. Asante.,ELECTRICAL,sitting room,MEDIUM
st_door_hinge,st_door_hinge#0,door hinge broken,the bedroom door has come off one hinge and does not close,STRUCTURAL,bedroom,MEDIUM
se_breakin,se_breakin#1,Grill cut by thieves,"Sorry to bother you, Someone cut the bedroom window grill and broke in, we need it fixed urgently.",SECURITY,bedroom window,HIGH
ap_gas,ap_gas#1,Gas leak,"good morning, i think the cooker is leaking gas, we can smell it even when it is off.",APPLIANCE,kitchen,HIGH
ot_curtain,ot_curtain#1,Curtain rail fell,"Kindly assist, The curtain rod in the bedroom is loose on one side. Asante.",OTHER,bedroom,LOW
se_gate,se_gate#2,Compound gate faulty,the gate hinge is broken and the gate is dragging.,SECURITY,,MEDIUM
ap_heater_spark,ap_heater_spark#0,instant shower sparks,"good morning, the instant shower heater sparks when switched on. please send someone.",APPLIANCE,bathroom,HIGH
pl_sewage,pl_sewage#3,Sewage backflow,"Kindly assist, The main drain is blocked and sewage is backing up into the shower. Asante.",PLUMBING,shower,HIGH
pl_sink_blocked,pl_sink_blocked#0,Kitchen sink not draining,"kindly assist, the bathroom sink is blocked and water drains very slowly",PLUMBING,,MEDIUM
pe_bedbugs,pe_bedbugs#1,Bedbug infestation,"Please help, Bedbugs have spread in the house, they are in the walls and furniture. I am at home after 5pm.",PEST,sitting room,MEDIUM
ap_doorbell,ap_doorbell#1,doorbell not working,"Sorry to bother you, The doorbell stopped ringing, visitors have to knock.",APPLIANCE,,LOW
pe_rats,pe_rats#1,Rats in the house,"Hi, We keep seeing rats at night in the sitting room. I am at home after 5pm.",PEST,sitting room,MEDIUM
se_breakin,se_breakin#1,House broken into,"Someone cut the back door grill and broke in, we need it fixed urgently. Thank you.",SECURITY,,HIGH
ot_stairs_light,ot_stairs_light#1,stairs dark at night,The corridor lights on our floor are off and people trip on the stairs. I am at home after 5pm.,OTHER,,MEDIUM
pe_cockroach,pe_cockroach#1,cockroach infestation,"Hi landlord, Cockroaches are coming from the drain into the kitchen. Asante.",PEST,kitchen,MEDIUM
pl_rain_leak,pl_rain_leak#1,Roof leak when raining,"Sorry to bother you, The gutter is broken and rain water pours down the wall into the sitting room. I am at home after 5pm.",PLUMBING,,MEDIUM
ap_fridge,ap_fridge#0,Fridge stopped working,"please help, the fridge provided in the furnished unit stopped cooling for two days now. kindly fix it soon",APPLIANCE,kitchen,HIGH
pl_tap_stiff,pl_tap_stiff#1,Tap hard to turn,"hello, the tap in the bathroom squeaks when turned, no leak though. kindly fix it soon.",PLUMBING,bathroom,LOW
se_door_handle,se_door_handle#0,Bedroom lock not working,"good morning, the bedroom door handle is loose, the door still locks. please send someone",SECURITY,bedroom,LOW
ot_curtain,ot_curtain#0,Curtain rail fell,"Habari, The curtain rail in the bedroom fell down. Thank you.",OTHER,bedroom,LOW
pl_sewage,pl_sewage#3,drain backing up,"Sorry to bother you, The main drain is blocked and sewage is backing up into the toilet. Asante.",PLUMBING,toilet,HIGH
ap_fan,ap_fan#2,Fan making noise,The fan in the sitting room wobbles a bit when on. Please come and check.,APPLIANCE,sitting room,LOW
se_locked_out,se_locked_out#1,Key broke in lock,"kindly assist, i am locked out because the front door lock jammed for two days now. kindly fix it soon.",SECURITY,front door,HIGH
ot_clothesline,ot_clothesline#1,Drying line snapped,The drying lines on the compound are broken.,OTHER,,LOW
ot_clothesline,ot_clothesline#0,Drying line snapped,"Hi, The clothesline in the rooftop snapped. Please send someone.",OTHER,rooftop,LOW
pl_nowater,pl_nowater#2,No water in the house,"Good morning, None of the taps are working, no water at all. The tank seems empty.",PLUMBING,kitchen,HIGH
el_socket_dead,el_socket_dead#2,Sockets in one room not working,"Kindly assist, The sitting room socket is dead, I have to use an extension from another room.",ELECTRICAL,sitting room,MEDIUM
ot_flood_compound,ot_flood_compound#1,Flooding,"Hello, Heavy rain has flooded the compound and water is coming into the house. Asante.",OTHER,compound,HIGH
ap_heater_spark,ap_heater_spark#1,Water heater sparking,"Hi, Smoke is coming out of the water heater in the shower",APPLIANCE,shower,HIGH
se_breakin,se_breakin#1,grill cut by thieves,"someone cut the bedroom window grill and broke in, we need it fixed urgently. when can someone come?",SECURITY,bedroom window,HIGH
ot_parking,ot_parking#1,Parking line faded,"Habari, The parking markings have faded and people park anyhow.",OTHER,parking,LOW
se_locked_out,se_locked_out#1,Key broke in lock,"Hello, I am locked out because the main door lock jammed since Monday. Kindly fix it soon.",SECURITY,,HIGH
el_security_light,el_security_light#0,Porch light out,"the stairs light is not working for the last few days, i think the bulb is blown.",ELECTRICAL,stairs,LOW
el_light_flicker,el_light_flicker#2,Lights dim and flicker,"Hi landlord, The kitchen light flickers on and off when the fridge starts",ELECTRICAL,kitchen,MEDIUM
pl_nowater,pl_nowater#3,Taps dry,"Hi, Completely no water in the unit since the weekend. Neighbours have water so it must be our line.",PLUMBING,house,HIGH
st_broken_glass,st_broken_glass#1,Glass broken,"Kindly assist, A window pane in the bedroom is broken, there are sharp edges. Thank you.",STRUCTURAL,bedroom,MEDIUM
ap_doorbell,ap_doorbell#1,Doorbell not working,"Please help, The doorbell stopped ringing, visitors have to knock.",APPLIANCE,,LOW
pe_cockroach,pe_cockroach#0,Cockroaches everywhere,"Please help, The store is full of cockroaches for th last few days. Thank you.",PEST,store,MEDIUM
se_cant_lock,se_cant_lock#2,Front door lock stiff,The front door lock is very stiff and sometimes does not lock at all. Please come and check.,SECURITY,front door,HIGH
st_paint,st_paint#1,Walls need repainting,"Sorry to bother you, Paint is flaking off the sitting room ceiling. Asante.",STRUCTURAL,sitting room,LOW
ot_parking,ot_parking#1,Parking space taken,The parking markings have faded and people park anyhow. Please come and check.,OTHER,,LOW
st_wall_crack,st_wall_crack#2,Crack getting wider,"Habari, The outside wall is cracking and bulging out. I am at home after 5pm",STRUCTURAL,outside,HIGH
pl_sewage,pl_sewage#2,Sewage coming out,"Sorry to bother you, The toilet is overflowing with waste and it is spreading to the toilet floor. I am at home after 5pm",PLUMBING,toilet,HIGH
st_wardrobe,st_wardrobe#0,Wardrobe door loose,"Sorry to bother you, The kitchen wardrobe door hinge is loose and the door does not close well.",STRUCTURAL,,LOW
ap_fan,ap_fan#1,Extractor fan not working,the bathroom extractor fan has stopped working. i am at home after 5pm.,APPLIANCE,,LOW
se_gate,se_gate#0,Gate not closing,"kindly assist, the compound gate does not close properly since yesterday. kindly fix it soon.",SECURITY,compound,MEDIUM
pl_toilet_only,pl_toilet_only#0,Toilet completely blocked,"hi, our only toilet is completely blocked and cannot be used. i am at home after 5pm",PLUMBING,bathroom,HIGH
st_broken_glass,st_broken_glass#0,Broken window glass,"Hi, The glass in the sitting room window cracked for about a week.",STRUCTURAL,sitting room,MEDIUM
pe_cockroach,pe_cockroach#0,Cockroaches everywhere,"Kindly assist, The kitchen is full of cockroaches since this morning. Kindly fix it soon.",PEST,kitchen,MEDIUM
ap_heater_spark,ap_heater_spark#1,Water heater sparking,Smoke is coming out of the water heater in the shower.,APPLIANCE,shower,HIGH
pe_bees,pe_bees#0,bees in th roof,"A swarm of bees has settled in the roof above the bedroom, they are stinging people.",PEST,bedroom,MEDIUM
pl_shower_weak,pl_shower_weak#1,Weak shower pressure,"Good morning, The shower head seems blocked, water comes out in a few thin streams.",PLUMBING,bathroom,LOW
el_exposed,el_exposed#2,Exposed live wires,electric wires are exposed near the kitchen where we pass every day. thank you.,ELECTRICAL,,HIGH
se_door_handle,se_door_handle#1,Bedroom lock not working,"Hi, The lock on the store door does not work but the main door locks fine. When can someone come?",SECURITY,store,LOW
se_gate,se_gate#2,gate not closing,the gate hinge is broken and the gate is dragging. please send someone.,SECURITY,gate,MEDIUM
el_sparks,el_sparks#0,Socket sparking,"Habari, The socket in the sitting room sparks every time I plug something in.",ELECTRICAL,,HIGH
pl_ceiling_leak,pl_ceiling_leak#2,Water dripping through ceiling,"hi, water is leaking from the ceiling since last night and the ceiling board is sagging. i am at home after 5pm.",PLUMBING,sitting room,HIGH
pl_nowater,pl_nowater#2,Taps dry,"Hello, None of the taps are working, no water at all. The tank seems empty. Please send someone.",PLUMBING,kitchen,HIGH
ap_fan,ap_fan#0,Fan making noise,"Hello, The ceiling fan in the sitting room makes a rattling noise. Kindly fix it soon.",APPLIANCE,sitting room,LOW
ot_parking,ot_parking#1,Parking line faded,"Hello, The parking markings have faded and people park anyhow. Thank you",OTHER,,MEDIUM
st_hairline,st_hairline#0,small crack in plaster,"Please help, There is a small hairline crack in the plaster in the bedroom, it has not changed. When can someone come?",STRUCTURAL,bedroom,LOW
ap_heater_spark,ap_heater_spark#1,Water heater sparking,"Habari, Smoke is coming out of the water heater in the bathroom.",APPLIANCE,bathroom,HIGH
ot_garbage,ot_garbage#1,Garbage not collected,"habari, the rubbish pile near the compound is very big and attracting flies. kindly fix it soon.",OTHER,compound,MEDIUM
st_railing,st_railing#2,Balcony railing loose,"hello, th metal railing on the stairs is rusted through and shaking. i am at home after 5pm.",STRUCTURAL,stairs,HIGH
st_paint,st_paint#1,Paint peeling,"Sorry to bother you, Paint is flaking off the sitting room ceiling since last night.",STRUCTURAL,sitting room,LOW
pl_tap_drip,pl_tap_drip#2,Leaking tap,"hi landlord, there is a constant leak from the outside tap, it is wasting water. please send someone.",PLUMBING,outside,MEDIUM
ap_fridge,ap_fridge#1,Fridge not cooling,"please help, the fridge is running but not cold, food is spoiling. when can someone come?",APPLIANCE,kitchen,MEDIUM
st_damp,st_damp#0,Wall always wet,The kitchen wall is always damp and black mould is growing. Kindly fix it soon.,STRUCTURAL,kitchen,MEDIUM
el_switch_broken,el_switch_broken#1,Switch cover broken,The light switch in th sitting room is loose in the wall. Thank you.,ELECTRICAL,sitting room,LOW
st_wardrobe,st_wardrobe#1,Kitchen cabinet door falling,"Please help, One of the kitchen cabinet doors is hanging loose. I am at home after 5pm.",STRUCTURAL,kitchen,LOW
pl_rain_leak,pl_rain_leak#2,gutter leaking,"Habari, There is a small leak in the kitchen whenever it rains, we put a bucket.",PLUMBING,,MEDIUM
pe_bedbugs,pe_bedbugs#1,Bedbug infestation,"habari, bedbugs have spread in the house, they are in the walls and furniture.",PEST,,MEDIUM
se_cant_lock,se_cant_lock#0,Door lock broken,"Good morning, The main door lock is broken and we cannot lock the house. Thank you.",SECURITY,back door,HIGH
el_token,el_token#0,Meter not accepting token,"Please help, The token meter is not accepting the token I bought since last night, it shows an error.",ELECTRICAL,house,MEDIUM
se_cant_lock,se_cant_lock#0,Door lock broken,The main door lock is broken and we cannot lock the house.,SECURITY,,HIGH
st_floor_tiles,st_floor_tiles#1,Cracked floor tile,A couple of tiles in the kitchen are cracked. Kindly fix it soon.,STRUCTURAL,kitchen,LOW
se_gate,se_gate#1,Main gate lock broken,"Sorry to bother you, The lock on the main gate is broken, anyone can walk in. When can someone come?",SECURITY,compound,MEDIUM
ap_cooker,ap_cooker#0,Cooker plate dead,"Good morning, One of the cooker burners does not light since last night",APPLIANCE,,MEDIUM
pl_sink_blocked,pl_sink_blocked#2,Kitchen sink not draining,"Good morning, The bathroom drain is clogged and smells bad. Please come and check",PLUMBING,bathroom,MEDIUM
st_hairline,st_hairline#0,Small crack in plaster,"there is a small hairline crack in the plaster in the bedroom, it has not changed",STRUCTURAL,bedroom,LOW
st_damp,st_damp#0,Wall always wet,"Habari, The bathroom wall is always damp and black mould is growing since Monday. When can someone come?",STRUCTURAL,,MEDIUM
pl_ceiling_leak,pl_ceiling_leak#0,Water leaking from ceiling,"hi landlord, water is dripping from the kitchen ceiling right next to the light fitting. thank you.",PLUMBING,kitchen,HIGH
se_window_grill,se_window_grill#0,grill bent,"hi landlord, the sitting room window grill is loose and can be pulled out.",SECURITY,sitting room,MEDIUM
el_socket_dead,el_socket_dead#0,Dead socket,the socket in the sitting room is not working. please send someone.,ELECTRICAL,sitting room,MEDIUM
st_ceiling_fall,st_ceiling_fall#2,Part of ceiling collapsed,Pieces of the ceiling are falling in the bathroom.,STRUCTURAL,,MEDIUM
pe_rats,pe_rats#2,mice problem,"Kindly assist, Mice are coming in through a hole in the sitting room wall. Please send someone.",PEST,sitting room,MEDIUM
ap_no_hot_water,ap_no_hot_water#1,Shower heater not heating,"Hi, There is no hot water in the bathroom shower.",APPLIANCE,,MEDIUM
ap_gas,ap_gas#1,Gas leak,"Good morning, I think the cooker is leaking gas, we can smell it even when it is off. When can someone come?",APPLIANCE,house,HIGH
se_gate,se_gate#1,Main gate lock broken,"The lock on the main gate is broken, anyone can walk in. Please come and check.",SECURITY,compound,MEDIUM
el_light_flicker,el_light_flicker#2,Light keeps flickering,"Sorry to bother you, The bedroom light flickers on and off when th fridge starts.",ELECTRICAL,bedroom,MEDIUM
st_railing,st_railing#1,Railing shaking,"Sorry to bother you, The staircase railing broke off for two weeks, it is dangerous for children",STRUCTURAL,,HIGH
pl_cistern,pl_cistern#2,Flush not working well,"hi, water keeps leaking from the cistern into the toilet bowl all the time. kindly fix it soon.",PLUMBING,,MEDIUM
pe_ants,pe_ants#0,Few ants,"Hi, There are some small ants in th kitchen, not too many. Kindly fix it soon.",PEST,,LOW
se_spyhole,se_spyhole#0,peephole cracked,"Kindly assist, The peephole on the front door is cracked",SECURITY,main door,LOW
ot_curtain,ot_curtain#1,curtain rail fell,the curtain rod in the sitting room is loose on one side. thank you.,OTHER,,MEDIUM
ot_flood_compound,ot_flood_compound#0,Compound flooded,the compound is flooded for two days now and water is entering the ground floor houses,OTHER,ground floor,HIGH
se_breakin,se_breakin#2,House broken into,"Good morning, There was a break-in and the back door is damaged and cannot close.",SECURITY,back door,HIGH
el_token,el_token#1,Prepaid meter error,The prepaid meter shows reject when I enter the token. When can someone come?,ELECTRICAL,meter box,MEDIUM
pe_cockroach,pe_cockroach#0,Cockroaches everywhere,"Please help, The kitchen is full of cockroaches since Monday.",PEST,kitchen,MEDIUM
ot_stairs_light,ot_stairs_light#1,staircase lights off,The corridor lights on our floor are off and people trip on the stairs. I am at home after 5pm.,OTHER,corridor,MEDIUM
pe_bees,pe_bees#1,swarm of bees,"Kindly assist, There is a large wasp nest at th balcony, my child was stung. Please send someone.",PEST,balcony,HIGH
el_light_flicker,el_light_flicker#0,Lights dim and flicker,"Sorry to bother you, The bedroom lights keep flickering for two weeks. Asante.",ELECTRICAL,bedroom,MEDIUM
ap_doorbell,ap_doorbell#1,Bell not ringing,"Hi landlord, The doorbell stopped ringing, visitors have to knock. I am at home after 5pm.",APPLIANCE,gate,LOW
pl_nowater,pl_nowater#3,Taps dry,"good morning, completely no water in the unit since yesterday. neighbours have water so it must be our line. i am at home after 5pm.",PLUMBING,unit,HIGH
pl_sewage,pl_sewage#1,Drain backing up,"Dirty water from the sewer is overflowing in the bathroom, we cannot use it at all. When can someone come?",PLUMBING,bathroom,MEDIUM
ap_tank,ap_tank#1,Water pump not working,"Hello, The booster pump makes noise but no water comes to the upper floors",APPLIANCE,,MEDIUM
st_door_hinge,st_door_hinge#2,Door hanging off hinge,The hinge of the toilet door is broken since the weekend. Kindly fix it soon.,STRUCTURAL,toilet,MEDIUM
ot_clothesline,ot_clothesline#0,drying line snapped,"sorry to bother you, the clothesline in the balcony snapped. when can someone come?",OTHER,balcony,MEDIUM
st_ceiling_fall,st_ceiling_fall#1,ceiling about to fall,The bathroom ceiling board is hanging and looks like it will fall on someone. I am at home after 5pm,STRUCTURAL,bathroom,HIGH
pe_mosquito,pe_mosquito#1,Window mesh torn,"There is a hole in the bedroom window net, mosquitoes come in. Thank you.",PEST,bedroom,LOW
pl_cistern,pl_cistern#0,Toilet cistern running,"Hi landlord, The toilet cistern keeps running for two weeks and does not stop filling. Kindly fix it soon.",PLUMBING,toilet,MEDIUM
el_exposed,el_exposed#2,naked wires,"Kindly assist, Electric wires are exposed near the kitchen where we pass every day. I am at home after 5pm.",ELECTRICAL,,HIGH
st_ceiling_fall,st_ceiling_fall#2,Ceiling board falling,"hi landlord, pieces of the ceiling are falling in the bathroom. please come and check.",STRUCTURAL,bathroom,HIGH
se_door_handle,se_door_handle#0,door handle loose,"Sorry to bother you, The bathroom door handle is loose, the door still locks.",SECURITY,bathroom,LOW
st_window_wont_close,st_window_wont_close#2,Window latch broken,"Hello, The sitting room window is stuck open. Please send someone.",STRUCTURAL,,MEDIUM
st_broken_glass,st_broken_glass#0,Broken window glass,The glass in th bedroom window cracked since the weekend. Please send someone.,STRUCTURAL,bedroom,MEDIUM
ap_gas,ap_gas#0,Cooker leaking gas,"Good morning, There is a strong smell of gas in the kitchen since yesterday. Please send someone",APPLIANCE,,HIGH
el_light_flicker,el_light_flicker#1,Lights flickering,"Kindly assist, All the lights in the bedroom flicker in the evening. Asante.",ELECTRICAL,bedroom,MEDIUM
st_broken_glass,st_broken_glass#0,Window pane cracked,"Sorry to bother you, The glass in the sitting room window cracked since Monday. Please send someone.",STRUCTURAL,sitting room,MEDIUM
ap_tank,ap_tank#1,Booster pump problem,"Sorry to bother you, The booster pump makes noise but no water comes to the upper floors. Asante.",APPLIANCE,compound,MEDIUM
pl_burst,pl_burst#1,Water pipe has burst,"Hello, A water pipe burst in the bathroom and the floor is flooded. When can someone come?",PLUMBING,,HIGH
pl_burst,pl_burst#1,pipe burst,"Hello, A water pipe burst in the toilet and the floor is flooded.",PLUMBING,,HIGH
pl_ceiling_leak,pl_ceiling_leak#0,Ceiling leaking near light,"Please help, Water is dripping from th bathroom ceiling right next to the light fitting. Thank you",PLUMBING,,HIGH
ot_curtain,ot_curtain#0,curtain rod loose,The curtain rail in the sitting room fell down. Kindly fix it soon.,OTHER,,LOW
se_locked_out,se_locked_out#0,Locked out,"hi, the key broke inside the front door lock and i am locked out. i am at home after 5pm.",SECURITY,front door,HIGH
ap_heater_spark,ap_heater_spark#2,Water heater sparking,"Kindly assist, The water heater makes a buzzing sound and gives a shock. Thank you.",APPLIANCE,,HIGH
pe_ants,pe_ants#0,small ants,"there are some small ants in the bedroom, not too many.",PEST,bedroom,LOW
el_exposed,el_exposed#2,Exposed live wires,"Please help, Electric wires are exposed near the balcony where we pass every day.",ELECTRICAL,,HIGH
se_window_grill,se_window_grill#0,window grill loose,"kindly assist, the bedroom window grill is loose and can be pulled out. please come and check",SECURITY,bedroom,MEDIUM
ot_fire,ot_fire#1,Fire in the building,"kindly assist, fire started near the meter box and the area is damaged, we need it checked urgently. i am at home after 5pm.",OTHER,meter box,HIGH
pe_cockroach,pe_cockroach#0,cockroaches everywhere,"Hi, The store is full of cockroaches for two weeks. I am at home after 5pm.",PEST,store,MEDIUM
ap_fan,ap_fan#2,ceiling fan noisy,"Kindly assist, The fan in the bathroom wobbles a bit when on.",APPLIANCE,bathroom,LOW
ap_fan,ap_fan#0,Extractor fan not working,the ceiling fan in the kitchen makes a rattling noise.,APPLIANCE,kitchen,LOW
ot_fire,ot_fire#0,Fire in th building,"Hello, There was a small fire in the kitchen for two weeks, it is out now but the wall is burnt and wires are damaged. Please come and check.",OTHER,kitchen,HIGH
pl_rain_leak,pl_rain_leak#2,Roof leak when raining,"Sorry to bother you, There is a small leak in th corridor whenever it rains, we put a bucket. Please come and check.",PLUMBING,corridor,MEDIUM
st_hairline,st_hairline#0,Hairline crack on wall,"Sorry to bother you, There is a small hairline crack in the plaster in the bedroom, it has not changed.",STRUCTURAL,,LOW
el_light_flicker,el_light_flicker#2,Lights flickering,"Hello, The bedroom light flickers on and off when the fridge starts. Kindly fix it soon.",ELECTRICAL,bedroom,LOW
st_hairline,st_hairline#0,hairline crack on wall,"habari, there is a small hairline crack in the plaster in the corridor, it has not changed. please come and check.",STRUCTURAL,corridor,LOW
ap_cooker,ap_cooker#0,oven not heating,"Hi landlord, One of the cooker burners does not light.",APPLIANCE,kitchen,MEDIUM
st_railing,st_railing#2,stair railing broken,"Please help, The metal railing on the balcony is rusted through and shaking. Asante.",STRUCTURAL,balcony,HIGH
ot_noise,ot_noise#0,Noisy neighbours,"Hello, The neighbours play loud music late at night since yesterday. Asante",OTHER,next door,LOW
el_exposed,el_exposed#2,wires hanging out,"Sorry to bother you, Electric wires are exposed near the sitting room where we pass every day. Please come and check.",ELECTRICAL,sitting room,HIGH
pl_burst,pl_burst#0,Water pipe has burst,"good morning, the pipe under the corridor sink has burst and water is pouring everywhere since this morning.",PLUMBING,corridor,HIGH
ap_fan,ap_fan#2,Ceiling fan noisy,the fan in the bedroom wobbles a bit when on. thank you.,APPLIANCE,bedroom,LOW
se_gate,se_gate#1,Main gate lock broken,"Kindly assist, The lock on the main gate is broken, anyone can walk in.",SECURITY,compound,LOW
el_token,el_token#1,Token meter problem,"please help, the prepaid meter shows reject when i enter the token.",ELECTRICAL,meter box,MEDIUM
pe_mosquito,pe_mosquito#1,Mosquito net torn,"Hi, There is a hole in the bedroom window net, mosquitoes come in.",PEST,,LOW
pe_ants,pe_ants#1,Ants in kitchen,"Hi landlord, Ants come in through the bedroom window sometimes. Kindly fix it soon",PEST,bedroom,LOW
ap_gas,ap_gas#1,Gas smell in kitchen,"Hi landlord, I think th cooker is leaking gas, we can smell it even when it is off. Please send someone.",APPLIANCE,house,HIGH
pe_ants,pe_ants#1,few ants,ants come in through th bedroom window sometimes. asante.,PEST,bedroom,MEDIUM
st_broken_glass,st_broken_glass#0,broken window glass,The glass in the sitting room window cracked for two weeks. I am at home after 5pm,STRUCTURAL,sitting room,MEDIUM
pe_bees,pe_bees#0,Wasp nest at door,"A swarm of bees has settled in the roof above the kitchen, they are stinging people.",PEST,kitchen,HIGH
st_floor_tiles,st_floor_tiles#2,Floor tile loose,"Habari, The bathroom floor tiles are lifting slightly at the edges.",STRUCTURAL,,LOW
st_ceiling_fall,st_ceiling_fall#0,Ceiling board falling,part of th bedroom ceiling has collapsed for two weeks. thank you.,STRUCTURAL,,HIGH
pe_cockroach,pe_cockroach#1,Cockroach infestation,Cockroaches are coming from the drain into the bathroom.,PEST,bathroom,MEDIUM
ot_stairs_light,ot_stairs_light#0,Stairs dark at night,"good morning, the staircase lights are not working, it is very dark at night.",OTHER,corridor,MEDIUM
ap_gas,ap_gas#1,Gas smell in kitchen,"Good morning, I think the cooker is leaking gas, we can smell it even when it is off. Thank you.",APPLIANCE,kitchen,HIGH
pl_sink_blocked,pl_sink_blocked#1,sink blocked,"Good morning, Water is not going down the bathroom sink, it stays there for hours. Please come and check.",PLUMBING,bathroom,MEDIUM
st_ceiling_fall,st_ceiling_fall#1,Ceiling about to fall,"Please help, The sitting room ceiling board is hanging and looks like it will fall on someone.",STRUCTURAL,sitting room,HIGH
st_ceiling_fall,st_ceiling_fall#1,Part of ceiling collapsed,"Hi, The sitting room ceiling board is hanging and looks like it will fall on someone. I am at home after 5pm",STRUCTURAL,sitting room,HIGH
st_window_wont_close,st_window_wont_close#2,Window stuck,The kitchen window is stuck open. When can someone come?,STRUCTURAL,kitchen,MEDIUM
se_gate,se_gate#0,Compound gate faulty,"Kindly assist, The compound gate does not close properly.",SECURITY,gate,MEDIUM
el_light_flicker,el_light_flicker#1,Lights flickering,All the lights in the sitting room flicker in the evening. Please come and check,ELECTRICAL,sitting room,MEDIUM
ap_fan,ap_fan#1,Extractor fan not working,The kitchen extractor fan has stopped working.,APPLIANCE,kitchen,LOW
st_wall_crack,st_wall_crack#2,Big crack in wall,The outside wall is cracking and bulging out.,STRUCTURAL,outside,HIGH
ot_curtain,ot_curtain#0,Curtain rod loose,"hi landlord, the curtain rail in the sitting room fell down.",OTHER,sitting room,LOW
ot_clothesline,ot_clothesline#1,clothesline broken,The drying lines on the compound are broken.,OTHER,compound,LOW
el_shock,el_shock#2,Got electric shock,"There is current on the metal sink door, it shocks when touched. Thank you.",ELECTRICAL,sink,HIGH
ot_garbage,ot_garbage#0,Garbage not collected,"Good morning, Garbage has not been collected and it is starting to smell. When can someone come?",OTHER,compound,MEDIUM
ot_stairs_light,ot_stairs_light#1,staircase lights off,"Kindly assist, The corridor lights on our floor are off and people trip on the stairs.",OTHER,,MEDIUM
ot_stairs_light,ot_stairs_light#0,staircase lights off,"The staircase lights are not working since last night, it is very dark at night. I am at home after 5pm",OTHER,stairs,MEDIUM
ap_fan,ap_fan#2,Extractor fan not working,"good morning, the fan in the sitting room wobbles a bit when on. thank you",APPLIANCE,sitting room,LOW
pe_bedbugs,pe_bedbugs#0,Bedbug infestation,"hello, we have bedbugs in the sitting room since yesterday, we are getting bitten every night. thank you.",PEST,sitting room,MEDIUM
pe_bedbugs,pe_bedbugs#1,Bedbugs,"Kindly assist, Bedbugs have spread in the house, they are in the walls and furniture. When can someone come?",PEST,bedroom,MEDIUM
se_spyhole,se_spyhole#1,peephole cracked,"Please help, The door viewer fell out of the main door",SECURITY,,LOW
ot_fire,ot_fire#1,Small fire,"Please help, Fire started near the corridor and the area is damaged, we need it checked urgently. Please send someone.",OTHER,corridor,HIGH
pl_sewage,pl_sewage#2,Sewage coming out,The toilet is overflowing with waste and it is spreading to the bathroom floor. I am at home after 5pm,PLUMBING,,HIGH
se_locked_out,se_locked_out#0,Cannot open door,"Hi, The key broke inside the main door lock and I am locked out. Thank you.",SECURITY,main door,HIGH
ap_fridge,ap_fridge#0,fridge stopped working,"Habari, The fridge provided in the furnished unit stopped cooling for two weeks. Asante.",APPLIANCE,kitchen,MEDIUM
ap_heater_spark,ap_heater_spark#2,water heater sparking,the water heater makes a buzzing sound and gives a shock. please send someone.,APPLIANCE,shower,HIGH
pl_cistern,pl_cistern#0,toilet cistern running,The toilet cistern keeps running since the weekend and does not stop filling. I am at home after 5pm.,PLUMBING,toilet,HIGH
ot_noise,ot_noise#1,Noisy neighbours,There is a lot of noise from the next door at night. Thank you.,OTHER,,LOW
st_door_hinge,st_door_hinge#0,door hanging off hinge,the bathroom door has come off one hinge and does not close. please come and check.,STRUCTURAL,bathroom,MEDIUM
se_door_handle,se_door_handle#1,bedroom lock not working,the lock on the bedroom door does not work but the main door locks fine. please send someone.,SECURITY,bedroom,LOW
pl_tap_drip,pl_tap_drip#2,Leaking tap,"Hi, There is a constant leak from the bathroom tap, it is wasting water. I am at home after 5pm",PLUMBING,bathroom,MEDIUM
se_breakin,se_breakin#1,House broken into,"Someone cut the back door grill and broke in, we need it fixed urgently. I am at home after 5pm.",SECURITY,back door,HIGH
st_ceiling_fall,st_ceiling_fall#2,Part of ceiling collapsed,Pieces of th ceiling are falling in the kitchen. When can someone come?,STRUCTURAL,,HIGH
pl_toilet_only,pl_toilet_only#2,Only toilet blocked,"We cannot use the toilet at all, it is fully blocked and there is no other toilet.",PLUMBING,toilet,HIGH
pe_cockroach,pe_cockroach#1,cockroach infestation,"Good morning, Cockroaches are coming from the drain into the kitchen. Please send someone.",PEST,kitchen,MEDIUM
el_shock,el_shock#1,Got electric shock,"habari, my child got a shock from the shower socket. when can someone come?",ELECTRICAL,shower,HIGH
st_railing,st_railing#2,Balcony railing loose,"hi landlord, the metal railing on the staircase is rusted through and shaking. kindly fix it soon.",STRUCTURAL,staircase,MEDIUM
pe_rats,pe_rats#2,Rats in the house,"sorry to bother you, mice are coming in through a hole in the kitchen wall.",PEST,,MEDIUM
ot_parking,ot_parking#0,Parking space taken,Someone keeps parking in my space for the last few days. Asante.,OTHER,parking,LOW
el_socket_dead,el_socket_dead#2,Sockets in one room not working,"please help, the kitchen socket is dead, i have to use an extension from another room. please send someone.",ELECTRICAL,kitchen,MEDIUM
se_breakin,se_breakin#0,Break-in last night,"Thieves broke into the house since the weekend through the kitchen window, it is still open. Please send someone.",SECURITY,kitchen window,HIGH
pl_nowater,pl_nowater#2,Taps dry,"None of the taps are working, no water at all. The tank seems empty.",PLUMBING,bathroom,HIGH
se_breakin,se_breakin#2,house broken into,there was a break-in and the back door is damaged and cannot close. please send someone.,SECURITY,,HIGH
se_door_handle,se_door_handle#1,door handle loose,"hi landlord, the lock on the bathroom door does not work but the main door locks fine. please send someone",SECURITY,bathroom,LOW
st_paint,st_paint#1,walls need repainting,"hi landlord, paint is flaking off th bedroom ceiling for the last few days. asante",STRUCTURAL,bedroom,LOW
ap_no_hot_water,ap_no_hot_water#1,No hot water,"Please help, There is no hot water in the shower shower.",APPLIANCE,,HIGH
st_wardrobe,st_wardrobe#0,cabinet hinge loose,"Kindly assist, The kitchen wardrobe door hinge is loose and the door does not close well. Kindly fix it soon.",STRUCTURAL,kitchen,LOW
se_door_handle,se_door_handle#0,Door handle loose,"Hi landlord, The store door handle is loose, the door still locks.",SECURITY,store,LOW
se_window_grill,se_window_grill#0,Window grill loose,The sitting room window grill is loose and can be pulled out. Kindly fix it soon.,SECURITY,sitting room,MEDIUM
el_shock,el_shock#1,Electric shock from wall,My child got a shock from the window grill socket. Thank you.,ELECTRICAL,,HIGH
se_window_grill,se_window_grill#1,Window grill loose,one bar of the sitting room grill is bent and loose. i am at home after 5pm.,SECURITY,sitting room,MEDIUM
el_nopower,el_nopower#1,Whole house has no electricity,"All the lights and sockets stopped working, no electricity in the unit at all.",ELECTRICAL,unit,HIGH
pl_tap_stiff,pl_tap_stiff#1,Tap handle stiff,"Kindly assist, The tap in the kitchen squeaks when turned, no leak though. Please come and check.",PLUMBING,,LOW
st_wall_crack,st_wall_crack#0,Wall cracking badly,There is a large crack in the outside wall and it is getting wider every day.,STRUCTURAL,outside,MEDIUM
st_ceiling_fall,st_ceiling_fall#1,Ceiling board falling,"good morning, the bedroom ceiling board is hanging and looks like it will fall on someone. please send someone.",STRUCTURAL,,MEDIUM
st_floor_tiles,st_floor_tiles#0,Tiles lifting,"Hello, One floor tile in the corridor is loose and moves when you step on it",STRUCTURAL,corridor,LOW
st_wardrobe,st_wardrobe#2,wardrobe door loose,"Good morning, The kitchen cupboard handle came off. Kindly fix it soon.",STRUCTURAL,kitchen,LOW
pl_cistern,pl_cistern#1,Toilet cistern running,"sorry to bother you, the flush handle is broken, we have to pour water to flush. i am at home after 5pm.",PLUMBING,toilet,MEDIUM
ot_noise,ot_noise#0,Noise complaint,"Hi landlord, The neighbours play loud music late at night since Monday. Kindly fix it soon.",OTHER,,LOW
pl_rain_leak,pl_rain_leak#1,Roof leak when raining,The gutter is broken and rain water pours down the wall into the bedroom. Kindly fix it soon,PLUMBING,bedroom,MEDIUM
st_railing,st_railing#2,railing shaking,"habari, the metal railing on the balcony is rusted through and shaking. asante.",STRUCTURAL,,HIGH
se_locked_out,se_locked_out#1,Cannot open door,"please help, i am locked out because the front door lock jammed since last night. kindly fix it soon.",SECURITY,,HIGH
pl_cistern,pl_cistern#0,toilet keeps running,"sorry to bother you, the toilet cistern keeps running for the last few days and does not stop filling. please send someone.",PLUMBING,,MEDIUM
st_wall_crack,st_wall_crack#1,Wall cracking badly,"A big crack has opened in the outside wall for the last few days, you can see light through it.",STRUCTURAL,outside,HIGH
el_token,el_token#1,Prepaid meter error,"Habari, The prepaid meter shows reject when I enter the token. I am at home after 5pm.",ELECTRICAL,,MEDIUM
ot_noise,ot_noise#1,noise complaint,There is a lot of noise from the upstairs at night. Asante.,OTHER,upstairs,LOW
pe_bees,pe_bees#0,Wasp nest at door,"kindly assist, a swarm of bees has settled in the roof above the balcony, they are stinging people.",PEST,,HIGH
pl_burst,pl_burst#0,Pipe burst flooding house,"Please help, The pipe under th corridor sink has burst and water is pouring everywhere since last night.",PLUMBING,corridor,HIGH
pl_tap_stiff,pl_tap_stiff#0,tap hard to turn,"Please help, The outside tap handle is stiff and hard to turn but it works.",PLUMBING,outside,LOW
se_cant_lock,se_cant_lock#1,Front door lock stiff,"Kindly assist, The key does not turn in the front door lock, we cannot lock up when we leave. I am at home after 5pm.",SECURITY,back door,HIGH
el_nopower,el_nopower#0,No power in the house,"Hi, The whole house has had no power since th weekend but the neighbours have power. Please come and check.",ELECTRICAL,house,HIGH
el_socket_dead,el_socket_dead#1,Sockets in one room not working,"Sorry to bother you, None of th sockets in the sitting room have power, the rest of the house is fine. Please send someone.",ELECTRICAL,sitting room,MEDIUM
ot_fire,ot_fire#0,Fire damage,"There was a small fire in the corridor, it is out now but the wall is burnt and wires are damaged. Asante.",OTHER,corridor,HIGH
el_light_flicker,el_light_flicker#0,Light keeps flickering,"Hi, The bedroom lights keep flickering for about a week. Please send someone.",ELECTRICAL,bedroom,MEDIUM
el_sparks,el_sparks#1,sparks from socket,"Habari, There were sparks and a loud pop from the kitchen socket.",ELECTRICAL,kitchen,HIGH
ot_fire,ot_fire#1,fire damage,"good morning, fire started near the meter box and the area is damaged, we need it checked urgently. kindly fix it soon.",OTHER,meter box,HIGH
se_breakin,se_breakin#2,grill cut by thieves,"Hello, There was a break-in and the back door is damaged and cannot close. When can someone come?",SECURITY,back door,HIGH
se_gate,se_gate#1,Main gate lock broken,"The lock on the main gate is broken, anyone can walk in. I am at home after 5pm.",SECURITY,gate,MEDIUM
pl_cistern,pl_cistern#2,Toilet cistern running,water keeps leaking from the cistern into the toilet bowl all the time. i am at home after 5pm.,PLUMBING,,MEDIUM
se_breakin,se_breakin#1,grill cut by thieves,"Hi landlord, Someone cut th back door grill and broke in, we need it fixed urgently. Thank you.",SECURITY,back door,HIGH
st_ceiling_fall,st_ceiling_fall#0,Ceiling about to fall,"Habari, Part of the kitchen ceiling has collapsed for two days now. Asante",STRUCTURAL,kitchen,HIGH
el_nopower,el_nopower#1,No power in th house,"Good morning, All the lights and sockets stopped working, no electricity in the unit at all. Please come and check",ELECTRICAL,house,HIGH
el_exposed,el_exposed#1,naked wires,"Sorry to bother you, The cover of the kitchen socket fell off and the wires are naked. Please come and check.",ELECTRICAL,kitchen,HIGH
se_window_grill,se_window_grill#0,Grill bent,"Good morning, The kitchen window grill is loose and can be pulled out. When can someone come?",SECURITY,kitchen,MEDIUM
el_light_flicker,el_light_flicker#2,Light keeps flickering,"Good morning, The sitting room light flickers on and off when the fridge starts. I am at home after 5pm",ELECTRICAL,sitting room,MEDIUM
st_door_hinge,st_door_hinge#1,door hinge broken,The bathroom door drags on the floor and will not shut. Asante.,STRUCTURAL,bathroom,MEDIUM
ap_doorbell,ap_doorbell#0,Doorbell not working,"Kindly assist, The doorbell is not working. Thank you.",APPLIANCE,front door,LOW
pl_sewage,pl_sewage#3,Toilet overflowing with sewage,The main drain is blocked and sewage is backing up into the toilet.,PLUMBING,toilet,HIGH
pl_burst,pl_burst#2,Water pipe has burst,"Habari, Water is gushing from a broken pipe in th bathroom, I have put buckets but it is too much. Please send someone.",PLUMBING,bathroom,HIGH
st_floor_tiles,st_floor_tiles#0,Tiles lifting,One floor tile in the kitchen is loose and moves when you step on it. Thank you.,STRUCTURAL,kitchen,LOW
ap_no_hot_water,ap_no_hot_water#0,water heater not working,"The water heater is not heating since this morning, only cold water. I am at home after 5pm",APPLIANCE,,MEDIUM
el_light_flicker,el_light_flicker#2,lights flickering,"Please help, The sitting room light flickers on and off when the fridge starts. Please send someone",ELECTRICAL,sitting room,MEDIUM
st_wall_crack,st_wall_crack#0,Big crack in wall,There is a large crack in the kitchen wall and it is getting wider every day.,STRUCTURAL,kitchen,HIGH
st_wardrobe,st_wardrobe#2,Wardrobe door loose,"Please help, The kitchen cupboard handle came off. Kindly fix it soon.",STRUCTURAL,kitchen,MEDIUM
pl_rain_leak,pl_rain_leak#0,Roof leak when raining,When it rains water leaks into the bedroom through the roof.,PLUMBING,bedroom,MEDIUM
se_locked_out,se_locked_out#0,Cannot open door,"Good morning, The key broke inside the main door lock and I am locked out",SECURITY,main door,HIGH
se_door_handle,se_door_handle#0,Door handle loose,"sorry to bother you, the bathroom door handle is loose, the door still locks. thank you",SECURITY,bathroom,LOW
pl_ceiling_leak,pl_ceiling_leak#2,Water dripping through ceiling,"Hi, Water is leaking from the ceiling since Monday and the ceiling board is sagging",PLUMBING,kitchen,HIGH
se_cant_lock,se_cant_lock#0,cannot lock the house,"Good morning, The main door lock is broken and we cannot lock the house for the last few days",SECURITY,back door,HIGH
pl_shower_weak,pl_shower_weak#2,Weak shower pressure,Water pressure in the bathroom shower is weak but it still works. Thank you.,PLUMBING,bathroom,MEDIUM
ot_parking,ot_parking#1,Parking line faded,The parking markings have faded and people park anyhow. Please send someone.,OTHER,,LOW
st_wall_crack,st_wall_crack#0,big crack in wall,There is a large crack in the outside wall and it is getting wider every day.,STRUCTURAL,outside,HIGH
st_damp,st_damp#2,Wall always wet,"Habari, Dampness on the bedroom wall is making our clothes smell. Please send someone.",STRUCTURAL,bedroom,MEDIUM
ot_noise,ot_noise#1,Noise complaint,"Hi, There is a lot of noise from the next door at night. Asante.",OTHER,next door,LOW
pl_nowater,pl_nowater#1,no water in th house,"Habari, We have had no water supply since yesterday, we cannot cook, bathe or flush the toilet. Please send someone",PLUMBING,unit,HIGH
pe_ants,pe_ants#1,ants in kitchen,Ants come in through the kitchen window sometimes.,PEST,,LOW
se_spyhole,se_spyhole#0,door viewer broken,the peephole on th front door is cracked,SECURITY,,LOW
ot_parking,ot_parking#0,parking line faded,Someone keeps parking in my space since this morning. Please send someone,OTHER,parking,LOW
el_sparks,el_sparks#3,sparks from socket,"sorry to bother you, sparks come out of the bedroom socket and it is black around it. when can someone come?",ELECTRICAL,,HIGH
ap_no_hot_water,ap_no_hot_water#2,water heater not working,"Please help, The instant shower does not heat the water any more. Kindly fix it soon",APPLIANCE,,MEDIUM
pl_sewage,pl_sewage#2,Sewage coming out,"Good morning, The toilet is overflowing with waste and it is spreading to the shower floor. Please send someone.",PLUMBING,shower,HIGH
se_breakin,se_breakin#0,House broken into,"Habari, Thieves broke into the house for two weeks through the bedroom window, it is still open",SECURITY,bedroom window,HIGH
pl_toilet_only,pl_toilet_only#2,Only toilet blocked,"Hi landlord, We cannot use the toilet at all, it is fully blocked and there is no other toilet. When can someone come?",PLUMBING,toilet,HIGH
pl_burst,pl_burst#3,Pipe burst,"Hello, The pipe connecting to the tank burst, water is flooding into the corridor and going under the doors. When can someone come?",PLUMBING,corridor,HIGH
ot_clothesline,ot_clothesline#1,drying line snapped,The drying lines on the compound are broken. When can someone come?,OTHER,,LOW
el_light_flicker,el_light_flicker#2,Light keeps flickering,"Sorry to bother you, The sitting room light flickers on and off when the fridge starts. Thank you.",ELECTRICAL,sitting room,MEDIUM
ap_tank,ap_tank#0,Booster pump problem,"Hi landlord, The water pump is not pumping water to the tank since Monday. Please come and check.",APPLIANCE,,MEDIUM
pl_sink_blocked,pl_sink_blocked#1,Blocked sink,"Water is not going down the kitchen sink, it stays there for hours. Please come and check.",PLUMBING,kitchen,MEDIUM
ot_parking,ot_parking#1,parking line faded,the parking markings have faded and people park anyhow.,OTHER,,LOW
se_window_grill,se_window_grill#0,Window grill loose,"Hi landlord, The bedroom window grill is loose and can be pulled out.",SECURITY,bedroom,MEDIUM
st_railing,st_railing#2,Stair railing broken,"Habari, The metal railing on the balcony is rusted through and shaking.",STRUCTURAL,balcony,HIGH
el_burning,el_burning#1,Smoke from socket,"Hi, Smoke came out of the bedroom socket and there is a smell of burning plastic. When can someone come?",ELECTRICAL,bedroom,MEDIUM
ot_clothesline,ot_clothesline#0,Clothesline broken,"hi landlord, the clothesline in the rooftop snapped. kindly fix it soon",OTHER,rooftop,LOW
el_exposed,el_exposed#2,Exposed live wires,"Habari, Electric wires are exposed near the balcony where we pass every day",ELECTRICAL,,HIGH
pe_bedbugs,pe_bedbugs#1,bedbug infestation,"Bedbugs have spread in the house, they are in the walls and furniture",PEST,,MEDIUM
ap_cooker,ap_cooker#0,Oven not heating,"Hi landlord, One of th cooker burners does not light. Kindly fix it soon.",APPLIANCE,kitchen,MEDIUM
el_nopower,el_nopower#1,No electricity,"Habari, All th lights and sockets stopped working, no electricity in the unit at all.",ELECTRICAL,house,HIGH
st_hairline,st_hairline#1,Small crack in plaster,"Hi, Small crack on the corridor wall, just cosmetic I think.",STRUCTURAL,corridor,LOW
ot_garbage,ot_garbage#1,Garbage not collected,"Hello, The rubbish pile near the parking is very big and attracting flies. Please come and check",OTHER,parking,MEDIUM
el_light_flicker,el_light_flicker#1,lights dim and flicker,"Hi, All the lights in the sitting room flicker in the evening. I am at home after 5pm.",ELECTRICAL,,MEDIUM
ap_doorbell,ap_doorbell#0,Doorbell not working,"good morning, the doorbell is not working for about a week. please come and check.",APPLIANCE,front door,LOW
pl_sink_blocked,pl_sink_blocked#0,Blocked sink,"hi, the bathroom sink is blocked and water drains very slowly for the last few days. please come and check.",PLUMBING,bathroom,MEDIUM
pl_toilet_only,pl_toilet_only#1,Toilet completely blocked,"Sorry to bother you, The toilet is totally blocked, water rises to the top when flushed. It is the only toilet in the house. I am at home after 5pm.",PLUMBING,bathroom,HIGH
pl_tap_drip,pl_tap_drip#2,Tap won't close,"Hello, There is a constant leak from the kitchen tap, it is wasting water. I am at home after 5pm.",PLUMBING,kitchen,MEDIUM
pe_bedbugs,pe_bedbugs#1,Bedbugs,"Habari, Bedbugs have spread in the house, they are in the walls and furniture. I am at home after 5pm",PEST,,MEDIUM
el_switch_broken,el_switch_broken#1,Switch cover broken,"please help, th light switch in the bedroom is loose in the wall.",ELECTRICAL,bedroom,LOW
pl_sewage,pl_sewage#3,Drain backing up,"Hi, The main drain is blocked and sewage is backing up into the shower.",PLUMBING,,MEDIUM
pl_toilet_only,pl_toilet_only#2,Toilet completely blocked,"Kindly assist, We cannot use the toilet at all, it is fully blocked and there is no other toilet. Kindly fix it soon.",PLUMBING,,HIGH
pe_bees,pe_bees#2,Swarm of bees,"Hello, Bees are coming into the house from the ceiling. Kindly fix it soon.",PEST,,HIGH
st_wall_crack,st_wall_crack#0,big crack in wall,There is a large crack in the kitchen wall and it is getting wider every day.,STRUCTURAL,kitchen,HIGH
se_door_handle,se_door_handle#0,bedroom lock not working,"Habari, The bathroom door handle is loose, the door still locks. When can someone come?",SECURITY,bathroom,LOW
pl_tap_drip,pl_tap_drip#2,Kitchen tap leaking,"hi, there is a constant leak from the sink tap, it is wasting water",PLUMBING,sink,MEDIUM
el_shock,el_shock#2,electric shock from wall,"Hi landlord, There is current on the metal sink door, it shocks when touched.",ELECTRICAL,sink,HIGH
el_nopower,el_nopower#0,No power in the house,"kindly assist, the whole house has had no power since this morning but the neighbours have power. kindly fix it soon.",ELECTRICAL,unit,HIGH
se_breakin,se_breakin#2,House broken into,"Kindly assist, There was a break-in and the back door is damaged and cannot close. Please come and check.",SECURITY,back door,HIGH
st_paint,st_paint#2,Paint peeling,The kitchen walls look old and the paint is coming off. Kindly fix it soon.,STRUCTURAL,,LOW
ap_doorbell,ap_doorbell#1,doorbell not working,"Hi, The doorbell stopped ringing, visitors have to knock. Kindly fix it soon",APPLIANCE,front door,LOW
pl_ceiling_leak,pl_ceiling_leak#0,water leaking from ceiling,"hi, water is dripping from th bedroom ceiling right next to the light fitting. please come and check.",PLUMBING,bedroom,HIGH
st_broken_glass,st_broken_glass#2,Window pane cracked,The sitting room window glass is broken and the wind blows in. Asante.,STRUCTURAL,sitting room,MEDIUM
el_token,el_token#0,Meter not accepting token,"Kindly assist, The token meter is not accepting the token I bought for two weeks, it shows an error.",ELECTRICAL,,MEDIUM
pl_burst,pl_burst#2,Pipe burst,"Hello, Water is gushing from a broken pipe in the kitchen, I have put buckets but it is too much. Please send someone",PLUMBING,kitchen,HIGH
st_damp,st_damp#0,Mould growing,"Kindly assist, The bedroom wall is always damp and black mould is growing since Monday. Thank you.",STRUCTURAL,bedroom,MEDIUM
se_cant_lock,se_cant_lock#2,Front door lock stiff,"Good morning, The front door lock is very stiff and sometimes does not lock at all. I am at home after 5pm",SECURITY,main door,HIGH
pl_rain_leak,pl_rain_leak#1,leak when it rains,"hello, the gutter is broken and rain water pours down the wall into the corridor. thank you.",PLUMBING,corridor,MEDIUM
pl_toilet_only,pl_toilet_only#0,Toilet completely blocked,"Please help, Our only toilet is completely blocked and cannot be used since the weekend. Thank you.",PLUMBING,bathroom,HIGH
se_locked_out,se_locked_out#0,Cannot open door,The key broke inside the main door lock and I am locked out.,SECURITY,main door,HIGH
ot_flood_compound,ot_flood_compound#1,Flooding,"Please help, Heavy rain has flooded the ground floor and water is coming into the house. Please come and check.",OTHER,ground floor,HIGH
ot_clothesline,ot_clothesline#1,clothesline broken,The drying lines on th balcony are broken.,OTHER,,LOW
st_damp,st_damp#1,damp and mould on wall,There is mould spreading on the kitchen ceiling and the room smells.,STRUCTURAL,kitchen,MEDIUM
se_cant_lock,se_cant_lock#0,Cannot lock the house,"Kindly assist, The main door lock is broken and we cannot lock the house for about a week. Please send someone.",SECURITY,back door,HIGH
pe_ants,pe_ants#0,small ants,"Sorry to bother you, There are some small ants in the kitchen, not too many. Please come and check.",PEST,kitchen,MEDIUM
ot_garbage,ot_garbage#0,Rubbish piling up,"Hi landlord, Garbage has not been collected since yesterday and it is starting to smell. I am at home after 5pm.",OTHER,compound,MEDIUM
pe_rats,pe_rats#0,Rats in kitchen,"Habari, There are rats in the ceiling since last night, they are eating our food. Kindly fix it soon.",PEST,,MEDIUM
pl_sewage,pl_sewage#3,Drain backing up,"Good morning, The main drain is blocked and sewage is backing up into th bathroom. Thank you.",PLUMBING,,HIGH
pl_burst,pl_burst#1,Burst pipe,"Please help, A water pipe burst in the kitchen and the floor is flooded.",PLUMBING,kitchen,HIGH
ap_tank,ap_tank#0,Water pump not working,"Please help, The water pump is not pumping water to the tank since yesterday. Thank you.",APPLIANCE,tank,MEDIUM
el_exposed,el_exposed#1,Naked wires,"Habari, The cover of the corridor socket fell off and the wires are naked. Please send someone.",ELECTRICAL,corridor,HIGH
ap_doorbell,ap_doorbell#0,Doorbell not working,"Kindly assist, The doorbell is not working for about a week. Kindly fix it soon.",APPLIANCE,,LOW
ap_fan,ap_fan#0,fan making noise,"Hi landlord, The ceiling fan in the sitting room makes a rattling noise. Kindly fix it soon.",APPLIANCE,sitting room,LOW
st_wall_crack,st_wall_crack#1,big crack in wall,"hi, a big crack has opened in the outside wall since the weekend, you can see light through it. please come and check.",STRUCTURAL,outside,HIGH
pl_sink_blocked,pl_sink_blocked#2,Sink blocked,"Kindly assist, The laundry area drain is clogged and smells bad. Please come and check",PLUMBING,laundry area,MEDIUM
st_ceiling_fall,st_ceiling_fall#1,Ceiling about to fall,"kindly assist, the sitting room ceiling board is hanging and looks like it will fall on someone. asante",STRUCTURAL,sitting room,MEDIUM
el_security_light,el_security_light#1,Security light bulb blown,"hello, the light outside the door has stopped working.",ELECTRICAL,,LOW
el_burning,el_burning#1,smell of burning plastic,"Habari, Smoke came out of the bedroom socket and there is a smell of burning plastic. When can someone come?",ELECTRICAL,bedroom,HIGH
el_exposed,el_exposed#2,Wires hanging out,"Hi landlord, Electric wires are exposed near the corridor where we pass every day. When can someone come?",ELECTRICAL,corridor,HIGH
pl_cistern,pl_cistern#1,Flush not working well,"Habari, The flush handle is broken, we have to pour water to flush. Please come and check.",PLUMBING,bathroom,MEDIUM
pl_sewage,pl_sewage#0,Drain backing up,"Hi, Sewage is coming up through the kitchen drain and the smell is unbearable for about a week. Thank you.",PLUMBING,,HIGH
pe_bees,pe_bees#1,Bees in the roof,"good morning, there is a large wasp nest at the front door, my child was stung.",PEST,,HIGH
ot_clothesline,ot_clothesline#1,clothesline broken,"Good morning, The drying lines on the balcony are broken",OTHER,,LOW
el_security_light,el_security_light#0,Outside light not working,"the stairs light is not working since this morning, i think the bulb is blown.",ELECTRICAL,stairs,LOW
ot_clothesline,ot_clothesline#0,drying line snapped,"Please help, The clothesline in the balcony snapped. Please come and check",OTHER,,LOW
el_shock,el_shock#2,Got electric shock,"Good morning, There is current on th metal gate door, it shocks when touched.",ELECTRICAL,gate,HIGH
se_cant_lock,se_cant_lock#2,Door lock broken,"Kindly assist, The front door lock is very stiff and sometimes does not lock at all.",SECURITY,,HIGH
ap_fridge,ap_fridge#1,Fridge not cooling,"Hi, The fridge is running but not cold, food is spoiling. Kindly fix it soon.",APPLIANCE,,MEDIUM
ot_curtain,ot_curtain#0,Curtain rod loose,"Hi, The curtain rail in the bedroom fell down. Please come and check.",OTHER,bedroom,LOW
se_gate,se_gate#1,Gate not closing,"hello, the lock on the main gate is broken, anyone can walk in. please send someone.",SECURITY,,MEDIUM
st_railing,st_railing#2,balcony railing loose,"Good morning, The metal railing on the balcony is rusted through and shaking. Thank you.",STRUCTURAL,,HIGH
ot_curtain,ot_curtain#1,curtain rail fell,"Hi, The curtain rod in the sitting room is loose on one side. I am at home after 5pm.",OTHER,,LOW
st_damp,st_damp#1,Damp and mould on wall,"Kindly assist, There is mould spreading on the bathroom ceiling and the room smells. When can someone come?",STRUCTURAL,bathroom,MEDIUM
pe_bees,pe_bees#2,Wasp nest at door,"Habari, Bees are coming into the house from the ceiling for two weeks. When can someone come?",PEST,front door,HIGH
pe_mosquito,pe_mosquito#1,Mosquito net torn,"There is a hole in the bedroom window net, mosquitoes come in. Please come and check.",PEST,,LOW
st_floor_tiles,st_floor_tiles#0,tiles lifting,"Hello, One floor tile in the sitting room is loose and moves when you step on it. Asante.",STRUCTURAL,,LOW
ot_stairs_light,ot_stairs_light#1,Stairs dark at night,The corridor lights on our floor are off and people trip on the stairs. Thank you.,OTHER,,MEDIUM
ap_cooker,ap_cooker#1,cooker plate dead,"good morning, the oven provided with the house is not heating. thank you.",APPLIANCE,kitchen,MEDIUM
pl_shower_weak,pl_shower_weak#1,shower head blocked,"Hi, The shower head seems blocked, water comes out in a few thin streams. Asante.",PLUMBING,,LOW
pl_burst,pl_burst#2,Pipe burst flooding house,"water is gushing from a broken pipe in the kitchen, i have put buckets but it is too much",PLUMBING,kitchen,HIGH
st_floor_tiles,st_floor_tiles#2,Floor tile loose,"Good morning, The bathroom floor tiles are lifting slightly at the edges.",STRUCTURAL,,LOW
el_shock,el_shock#0,shock from tap,"Hello, I got an electric shock when I touched the sink since last night.",ELECTRICAL,sink,HIGH
el_exposed,el_exposed#1,Naked wires,"Hello, The cover of the sitting room socket fell off and the wires are naked. Please send someone.",ELECTRICAL,sitting room,HIGH
el_burning,el_burning#0,Burning smell from wires,"please help, there is a burning smell coming from the wiring in the kitchen. i am at home after 5pm.",ELECTRICAL,kitchen,HIGH
ap_fridge,ap_fridge#1,fridge not cooling,"hello, th fridge is running but not cold, food is spoiling.",APPLIANCE,kitchen,MEDIUM
el_exposed,el_exposed#0,Wires hanging out,"Hello, There are exposed live wires hanging from the sitting room ceiling, children are in the house",ELECTRICAL,,HIGH
st_wardrobe,st_wardrobe#2,kitchen cabinet door falling,The bedroom cupboard handle came off. Please come and check.,STRUCTURAL,bedroom,LOW
ap_tank,ap_tank#1,Water pump not working,The booster pump makes noise but no water comes to the upper floors. Thank you.,APPLIANCE,,MEDIUM
pl_sink_blocked,pl_sink_blocked#0,Slow drain,"Hello, The kitchen sink is blocked and water drains very slowly for two weeks. Please send someone.",PLUMBING,kitchen,MEDIUM
st_hairline,st_hairline#1,Hairline crack on wall,"good morning, small crack on the bedroom wall, just cosmetic i think. when can someone come?",STRUCTURAL,bedroom,LOW
st_door_hinge,st_door_hinge#0,door hinge broken,"Hi, The toilet door has come off one hinge and does not close. Please come and check.",STRUCTURAL,toilet,MEDIUM
pe_bees,pe_bees#0,Wasp nest at door,"A swarm of bees has settled in the roof above the kitchen, they are stinging people.",PEST,,HIGH
el_light_flicker,el_light_flicker#0,light keeps flickering,"sorry to bother you, the corridor lights keep flickering. thank you.",ELECTRICAL,corridor,MEDIUM
st_window_wont_close,st_window_wont_close#2,window won't close,"habari, the bedroom window is stuck open. thank you",STRUCTURAL,bedroom,MEDIUM
st_paint,st_paint#2,Paint peeling,"Please help, The bathroom walls look old and the paint is coming off. Please send someone",STRUCTURAL,bathroom,LOW
el_exposed,el_exposed#2,Exposed live wires,"please help, electric wires are exposed near the corridor where we pass every day. thank you",ELECTRICAL,corridor,HIGH
ap_tank,ap_tank#0,Booster pump problem,"Habari, The water pump is not pumping water to the tank since Monday. Please send someone.",APPLIANCE,compound,MEDIUM
pe_ants,pe_ants#1,Small ants,"Habari, Ants come in through the kitchen window sometimes.",PEST,kitchen,LOW
pl_tap_stiff,pl_tap_stiff#0,Tap hard to turn,"Habari, The bathroom tap handle is stiff and hard to turn but it works.",PLUMBING,bathroom,LOW
se_door_handle,se_door_handle#1,Bedroom lock not working,The lock on the bedroom door does not work but the main door locks fine. Thank you,SECURITY,,LOW
st_damp,st_damp#0,Mould growing,"Hi landlord, The kitchen wall is always damp and black mould is growing for two days now.",STRUCTURAL,kitchen,MEDIUM
el_token,el_token#0,Token meter problem,"Sorry to bother you, The token meter is not accepting the token I bought since yesterday, it shows an error.",ELECTRICAL,,MEDIUM
ap_heater_spark,ap_heater_spark#1,Instant shower sparks,smoke is coming out of the water heater in the bathroom. thank you.,APPLIANCE,bathroom,HIGH
pl_sewage,pl_sewage#3,Sewage backflow,"Please help, The main drain is blocked and sewage is backing up into the kitchen. When can someone come?",PLUMBING,,HIGH
el_exposed,el_exposed#2,Naked wires,"please help, electric wires are exposed near the corridor where we pass every day. thank you.",ELECTRICAL,corridor,MEDIUM
st_damp,st_damp#2,Damp and mould on wall,"Please help, Dampness on the kitchen wall is making our clothes smell.",STRUCTURAL,,MEDIUM
pl_rain_leak,pl_rain_leak#0,Roof leak when raining,"Kindly assist, When it rains water leaks into the sitting room through the roof",PLUMBING,,MEDIUM
se_door_handle,se_door_handle#1,Door handle loose,"good morning, the lock on the bedroom door does not work but the main door locks fine.",SECURITY,,LOW
ot_garbage,ot_garbage#0,rubbish piling up,"Hi, Garbage has not been collected since this morning and it is starting to smell. When can someone come?",OTHER,,MEDIUM
se_locked_out,se_locked_out#0,Cannot open door,"Hello, The key broke inside the front door lock and I am locked out. Kindly fix it soon",SECURITY,front door,HIGH
ot_garbage,ot_garbage#0,Garbage not collected,"sorry to bother you, garbage has not been collected since yesterday and it is starting to smell. when can someone come?",OTHER,,HIGH
st_door_hinge,st_door_hinge#2,Door not closing,"Good morning, The hinge of the toilet door is broken since yesterday. I am at home after 5pm.",STRUCTURAL,,MEDIUM
el_exposed,el_exposed#2,Exposed live wires,"habari, electric wires are exposed near the balcony where we pass every day. kindly fix it soon.",ELECTRICAL,balcony,HIGH
ap_cooker,ap_cooker#0,Cooker burner not working,"Hi, One of the cooker burners does not light for two days now.",APPLIANCE,kitchen,MEDIUM
el_nopower,el_nopower#2,No power in the house,"Good morning, The breaker keeps tripping and now there is no power in the whole house. Thank you.",ELECTRICAL,house,HIGH
ap_no_hot_water,ap_no_hot_water#2,No hot water,"Good morning, The instant shower does not heat the water any more. When can someone come?",APPLIANCE,,MEDIUM
ap_no_hot_water,ap_no_hot_water#2,Shower heater not heating,"Please help, The instant shower does not heat th water any more.",APPLIANCE,shower,MEDIUM
ot_curtain,ot_curtain#0,Curtain rod loose,The curtain rail in the sitting room fell down.,OTHER,sitting room,LOW
st_paint,st_paint#0,Wall paint peeling off,The paint on th bedroom walls is peeling off. When can someone come?,STRUCTURAL,bedroom,LOW
ap_gas,ap_gas#1,Cooker leaking gas,"I think the cooker is leaking gas, we can smell it even when it is off. Asante.",APPLIANCE,house,HIGH
pe_bees,pe_bees#1,Wasp nest at door,"Hi, There is a large wasp nest at the bedroom, my child was stung. Please come and check.",PEST,,HIGH
st_broken_glass,st_broken_glass#2,Glass broken,"Please help, The bedroom window glass is broken and the wind blows in. Kindly fix it soon.",STRUCTURAL,,MEDIUM
ap_heater_spark,ap_heater_spark#0,Instant shower sparks,"please help, the instant shower heater sparks when switched on. asante.",APPLIANCE,bathroom,HIGH
ot_noise,ot_noise#0,Noisy neighbours,"Good morning, The neighbours play loud music late at night since yesterday. Please send someone.",OTHER,next door,LOW
st_ceiling_fall,st_ceiling_fall#2,Part of ceiling collapsed,"good morning, pieces of the ceiling are falling in the sitting room",STRUCTURAL,sitting room,HIGH
se_locked_out,se_locked_out#0,Cannot open door,"Hi landlord, The key broke inside the front door lock and I am locked out. Asante.",SECURITY,front door,MEDIUM
st_wall_crack,st_wall_crack#0,Crack getting wider,"Please help, There is a large crack in th outside wall and it is getting wider every day. Please come and check.",STRUCTURAL,outside,HIGH
pe_mosquito,pe_mosquito#0,Mosquito net torn,"Good morning, The mosquito mesh on th bedroom window is torn. When can someone come?",PEST,,LOW
ot_clothesline,ot_clothesline#1,Clothesline broken,The drying lines on the rooftop are broken. Kindly fix it soon.,OTHER,rooftop,LOW
ot_stairs_light,ot_stairs_light#0,Staircase lights off,"The staircase lights are not working since the weekend, it is very dark at night. Thank you.",OTHER,stairs,MEDIUM
se_window_grill,se_window_grill#1,Grill bent,"good morning, one bar of the kitchen grill is bent and loose. please send someone.",SECURITY,kitchen,MEDIUM
st_broken_glass,st_broken_glass#1,Glass broken,"hi landlord, a window pane in the kitchen is broken, there are sharp edges",STRUCTURAL,,MEDIUM
el_exposed,el_exposed#0,Exposed live wires,"There are exposed live wires hanging from th kitchen ceiling, children are in the house",ELECTRICAL,kitchen,HIGH
pl_ceiling_leak,pl_ceiling_leak#0,Ceiling leaking near light,Water is dripping from the kitchen ceiling right next to the light fitting.,PLUMBING,,HIGH
pe_bedbugs,pe_bedbugs#1,Bedbugs,"Kindly assist, Bedbugs have spread in the house, they are in the walls and furniture. When can someone come?",PEST,bedroom,MEDIUM
st_paint,st_paint#1,Wall paint peeling off,"Please help, Paint is flaking off the kitchen ceiling. When can someone come?",STRUCTURAL,,LOW
pl_cistern,pl_cistern#1,Toilet cistern running,"Sorry to bother you, The flush handle is broken, we have to pour water to flush. Thank you.",PLUMBING,toilet,MEDIUM
st_floor_tiles,st_floor_tiles#2,Tiles lifting,"please help, the corridor floor tiles are lifting slightly at the edges.",STRUCTURAL,corridor,LOW
se_breakin,se_breakin#2,House broken into,"please help, there was a break-in and the bedroom window is damaged and cannot close. thank you.",SECURITY,,HIGH
ap_fridge,ap_fridge#0,Fridge not cooling,"Good morning, The fridge provided in the furnished unit stopped cooling for two weeks. When can someone come?",APPLIANCE,,MEDIUM
ap_tank,ap_tank#2,Tank pump faulty,"Please help, The pump keeps switching on and off. Thank you",APPLIANCE,tank,LOW
ap_tank,ap_tank#1,Water pump not working,The booster pump makes noise but no water comes to the upper floors. I am at home after 5pm.,APPLIANCE,compound,MEDIUM
el_exposed,el_exposed#2,Wires hanging out,Electric wires are exposed near the sitting room where we pass every day. Asante.,ELECTRICAL,sitting room,HIGH
el_switch_broken,el_switch_broken#1,switch plate cracked,the light switch in the corridor is loose in the wall,ELECTRICAL,corridor,LOW
el_socket_dead,el_socket_dead#2,Socket not working,"Sorry to bother you, The bedroom socket is dead, I have to use an extension from another room.",ELECTRICAL,bedroom,MEDIUM
el_nopower,el_nopower#2,No electricity,the breaker keeps tripping and now there is no power in the whole house.,ELECTRICAL,house,HIGH
ap_doorbell,ap_doorbell#0,Doorbell not working,"Kindly assist, The doorbell is not working for about a week. I am at home after 5pm.",APPLIANCE,front door,LOW
st_wardrobe,st_wardrobe#2,cabinet hinge loose,the kitchen cupboard handle came off.,STRUCTURAL,,LOW
pe_cockroach,pe_cockroach#0,cockroach infestation,The bathroom is full of cockroaches for two days now. I am at home after 5pm.,PEST,bathroom,MEDIUM
se_spyhole,se_spyhole#0,Peephole cracked,"hello, the peephole on the front door is cracked. asante.",SECURITY,front door,LOW
se_breakin,se_breakin#0,grill cut by thieves,"Habari, Thieves broke into the house for two weeks through the bedroom window, it is still open. I am at home after 5pm.",SECURITY,bedroom window,HIGH
pl_toilet_only,pl_toilet_only#0,Cannot use toilet,"Please help, Our only toilet is completely blocked and cannot be used. When can someone come?",PLUMBING,,HIGH
se_spyhole,se_spyhole#1,Peephole cracked,"hello, the door viewer fell out of the front door. thank you",SECURITY,front door,LOW
se_spyhole,se_spyhole#0,Peephole cracked,The peephole on the front door is cracked.,SECURITY,front door,LOW
ap_cooker,ap_cooker#2,Cooker burner not working,"please help, two plates on the electric cooker are not working. please send someone.",APPLIANCE,kitchen,MEDIUM
st_railing,st_railing#1,Balcony railing loose,"Hello, The balcony railing broke off, it is dangerous for children.",STRUCTURAL,balcony,MEDIUM
pl_burst,pl_burst#0,Burst pipe,The pipe under the kitchen sink has burst and water is pouring everywhere since the weekend. When can someone come?,PLUMBING,kitchen,HIGH
ot_curtain,ot_curtain#0,curtain rail fell,the curtain rail in the bedroom fell down. please come and check.,OTHER,bedroom,LOW
el_shock,el_shock#0,Electric shock from wall,I got an electric shock when I touched the gate. Thank you.,ELECTRICAL,,HIGH
ap_tank,ap_tank#0,Booster pump problem,the water pump is not pumping water to the tank since the weekend. please send someone.,APPLIANCE,tank,MEDIUM
pl_shower_weak,pl_shower_weak#1,Low water pressure in shower,"Kindly assist, The shower head seems blocked, water comes out in a few thin streams. Thank you.",PLUMBING,shower,LOW
ap_cooker,ap_cooker#2,Cooker plate dead,two plates on the electric cooker are not working. asante.,APPLIANCE,kitchen,MEDIUM
ot_garbage,ot_garbage#1,Garbage not collected,"Hi, The rubbish pile near the gate is very big and attracting flies. When can someone come?",OTHER,gate,MEDIUM
st_door_hinge,st_door_hinge#0,door not closing,"Sorry to bother you, The kitchen door has come off one hinge and does not close. I am at home after 5pm.",STRUCTURAL,,MEDIUM
ot_fire,ot_fire#0,Small fire,"Good morning, There was a small fire in the corridor since Monday, it is out now but the wall is burnt and wires are damaged",OTHER,corridor,HIGH
pe_cockroach,pe_cockroach#1,Cockroach infestation,"hi landlord, cockroaches are coming from th drain into the store.",PEST,,MEDIUM
el_token,el_token#0,Token meter problem,"hello, the token meter is not accepting the token i bought since yesterday, it shows an error.",ELECTRICAL,,MEDIUM
ot_garbage,ot_garbage#1,Garbage not collected,"Sorry to bother you, The rubbish pile near the parking is very big and attracting flies. Please come and check.",OTHER,parking,MEDIUM
el_switch_broken,el_switch_broken#2,Switch cover broken,"the corridor switch plate is broken, it works fine though.",ELECTRICAL,corridor,LOW
ap_cooker,ap_cooker#0,cooker plate dead,One of the cooker burners does not light. When can someone come?,APPLIANCE,kitchen,MEDIUM
ap_gas,ap_gas#2,gas leak,"Kindly assist, Gas is leaking from th pipe to the cooker in the kitchen. Kindly fix it soon.",APPLIANCE,kitchen,MEDIUM
pl_cistern,pl_cistern#2,Flush not working well,"Good morning, Water keeps leaking from the cistern into the toilet bowl all the time. I am at home after 5pm.",PLUMBING,toilet,MEDIUM
el_burning,el_burning#0,Smell of burning plastic,"Hi landlord, There is a burning smell coming from the wiring in the kitchen since yesterday. I am at home after 5pm.",ELECTRICAL,kitchen,HIGH
pl_rain_leak,pl_rain_leak#1,Gutter leaking,The gutter is broken and rain water pours down the wall into the sitting room. Please come and check.,PLUMBING,sitting room,LOW
el_security_light,el_security_light#1,Porch light out,"Habari, The light outside the door has stopped working. Kindly fix it soon",ELECTRICAL,stairs,LOW
ot_noise,ot_noise#1,Noise complaint,"Habari, There is a lot of noise from the compound at night.",OTHER,compound,MEDIUM
ot_flood_compound,ot_flood_compound#0,Water entering houses,"Hi landlord, The compound is flooded since the weekend and water is entering the ground floor houses. Asante",OTHER,ground floor,HIGH
st_hairline,st_hairline#0,Hairline crack on wall,"There is a small hairline crack in the plaster in the sitting room, it has not changed.",STRUCTURAL,sitting room,LOW
pl_tap_stiff,pl_tap_stiff#1,tap handle stiff,"the tap in the kitchen squeaks when turned, no leak though. please send someone.",PLUMBING,kitchen,LOW
pe_rats,pe_rats#0,Rats in the house,"There are rats in the ceiling for two weeks, they are eating our food. Kindly fix it soon",PEST,ceiling,MEDIUM
se_window_grill,se_window_grill#1,window grill loose,"habari, one bar of the sitting room grill is bent and loose. please come and check.",SECURITY,sitting room,MEDIUM
el_token,el_token#0,Prepaid meter error,"hello, the token meter is not accepting the token i bought since last night, it shows an error.",ELECTRICAL,house,MEDIUM
el_sparks,el_sparks#2,Sparks from socket,The light switch in the corridor sparks when I switch it on. Thank you.,ELECTRICAL,,HIGH
pe_bees,pe_bees#2,Swarm of bees,"Good morning, Bees are coming into th house from the ceiling since the weekend.",PEST,,HIGH
se_window_grill,se_window_grill#1,Grill bent,One bar of the bedroom grill is bent and loose. Thank you.,SECURITY,,MEDIUM
ap_tank,ap_tank#0,Water pump not working,"Good morning, The water pump is not pumping water to the tank since the weekend. Thank you.",APPLIANCE,roof,MEDIUM
se_spyhole,se_spyhole#0,door viewer broken,The peephole on the front door is cracked. I am at home after 5pm,SECURITY,front door,LOW
se_locked_out,se_locked_out#0,locked out,"Hi landlord, The key broke inside the main door lock and I am locked out. Kindly fix it soon",SECURITY,main door,HIGH
ap_heater_spark,ap_heater_spark#1,Geyser smoking,"sorry to bother you, smoke is coming out of the water heater in the shower. asante.",APPLIANCE,shower,HIGH
